,Conditions,Task,User,Scale,Results
0,45.0,Squeeze,User15,Large,4.0
1,45.0,Compress,User15,Large,4.0
2,47.0,Squeeze,User15,Large,4.0
3,47.0,Compress,User15,Large,4.0
4,49.0,Squeeze,User15,Large,4.0
5,49.0,Compress,User15,Large,-4.0
6,51.0,Squeeze,User15,Large,-4.0
7,51.0,Compress,User15,Large,4.0
8,53.0,Squeeze,User15,Large,4.0
9,53.0,Compress,User15,Large,4.0
10,55.0,Squeeze,User15,Large,-4.0
11,55.0,Compress,User15,Large,-4.0
12,57.0,Squeeze,User15,Large,4.0
13,57.0,Compress,User15,Large,4.0
14,59.0,Squeeze,User15,Large,-4.0
15,59.0,Compress,User15,Large,4.0
16,61.0,Squeeze,User15,Large,4.0
17,61.0,Compress,User15,Large,4.0
18,63.0,Squeeze,User15,Large,-4.0
19,63.0,Compress,User15,Large,4.0
20,65.0,Squeeze,User15,Large,-4.0
21,65.0,Compress,User15,Large,-4.0
22,10.0,Squeeze,User15,Large,4.0
23,10.0,Compress,User15,Large,-4.0
24,12.0,Squeeze,User15,Large,4.0
25,12.0,Compress,User15,Large,4.0
26,14.0,Squeeze,User15,Large,-4.0
27,14.0,Compress,User15,Large,4.0
28,16.0,Squeeze,User15,Large,4.0
29,16.0,Compress,User15,Large,-4.0
30,18.0,Squeeze,User15,Large,4.0
31,18.0,Compress,User15,Large,4.0
32,20.0,Squeeze,User15,Large,4.0
33,20.0,Compress,User15,Large,4.0
34,22.0,Squeeze,User15,Large,-4.0
35,22.0,Compress,User15,Large,-4.0
36,24.0,Squeeze,User15,Large,-4.0
37,24.0,Compress,User15,Large,4.0
38,1.0,Squeeze,User15,Large,-4.0
39,1.0,Compress,User15,Large,4.0
40,6.0,Squeeze,User15,Large,4.0
41,6.0,Compress,User15,Large,4.0
42,70.0,Squeeze,User15,Large,-4.0
43,70.0,Compress,User15,Large,-4.0
44,75.0,Squeeze,User15,Large,-4.0
45,75.0,Compress,User15,Large,4.0
46,25.0,Squeeze,User15,Large,4.0
47,25.0,Compress,User15,Large,-4.0
48,30.0,Squeeze,User15,Large,4.0
49,30.0,Compress,User15,Large,-4.0
50,35.0,Squeeze,User15,Large,4.0
51,35.0,Compress,User15,Large,4.0
52,40.0,Squeeze,User15,Large,-4.0
53,40.0,Compress,User15,Large,-4.0
54,45.0,Squeeze,User14,Large,4.0
55,45.0,Compress,User14,Large,4.0
56,47.0,Squeeze,User14,Large,-4.0
57,47.0,Compress,User14,Large,4.0
58,49.0,Squeeze,User14,Large,4.0
59,49.0,Compress,User14,Large,-4.0
60,51.0,Squeeze,User14,Large,-4.0
61,51.0,Compress,User14,Large,4.0
62,53.0,Squeeze,User14,Large,-4.0
63,53.0,Compress,User14,Large,4.0
64,55.0,Squeeze,User14,Large,4.0
65,55.0,Compress,User14,Large,4.0
66,57.0,Squeeze,User14,Large,4.0
67,57.0,Compress,User14,Large,4.0
68,59.0,Squeeze,User14,Large,4.0
69,59.0,Compress,User14,Large,-4.0
70,61.0,Squeeze,User14,Large,4.0
71,61.0,Compress,User14,Large,4.0
72,63.0,Squeeze,User14,Large,4.0
73,63.0,Compress,User14,Large,4.0
74,65.0,Squeeze,User14,Large,4.0
75,65.0,Compress,User14,Large,4.0
76,10.0,Squeeze,User14,Large,-4.0
77,10.0,Compress,User14,Large,4.0
78,12.0,Squeeze,User14,Large,-4.0
79,12.0,Compress,User14,Large,-4.0
80,14.0,Squeeze,User14,Large,4.0
81,14.0,Compress,User14,Large,-4.0
82,16.0,Squeeze,User14,Large,-4.0
83,16.0,Compress,User14,Large,4.0
84,18.0,Squeeze,User14,Large,4.0
85,18.0,Compress,User14,Large,-4.0
86,20.0,Squeeze,User14,Large,4.0
87,20.0,Compress,User14,Large,4.0
88,22.0,Squeeze,User14,Large,-4.0
89,22.0,Compress,User14,Large,4.0
90,24.0,Squeeze,User14,Large,-4.0
91,24.0,Compress,User14,Large,4.0
92,1.0,Squeeze,User14,Large,-4.0
93,1.0,Compress,User14,Large,-4.0
94,6.0,Squeeze,User14,Large,4.0
95,6.0,Compress,User14,Large,-4.0
96,70.0,Squeeze,User14,Large,-4.0
97,70.0,Compress,User14,Large,4.0
98,75.0,Squeeze,User14,Large,-4.0
99,75.0,Compress,User14,Large,-4.0
100,25.0,Squeeze,User14,Large,4.0
101,25.0,Compress,User14,Large,-4.0
102,30.0,Squeeze,User14,Large,4.0
103,30.0,Compress,User14,Large,4.0
104,35.0,Squeeze,User14,Large,4.0
105,35.0,Compress,User14,Large,4.0
106,40.0,Squeeze,User14,Large,-4.0
107,40.0,Compress,User14,Large,4.0
108,45.0,Squeeze,User13,Large,-4.0
109,45.0,Compress,User13,Large,-4.0
110,47.0,Squeeze,User13,Large,-4.0
111,47.0,Compress,User13,Large,4.0
112,49.0,Squeeze,User13,Large,4.0
113,49.0,Compress,User13,Large,-4.0
114,51.0,Squeeze,User13,Large,4.0
115,51.0,Compress,User13,Large,-4.0
116,53.0,Squeeze,User13,Large,4.0
117,53.0,Compress,User13,Large,-4.0
118,55.0,Squeeze,User13,Large,-4.0
119,55.0,Compress,User13,Large,4.0
120,57.0,Squeeze,User13,Large,4.0
121,57.0,Compress,User13,Large,-4.0
122,59.0,Squeeze,User13,Large,4.0
123,59.0,Compress,User13,Large,4.0
124,61.0,Squeeze,User13,Large,4.0
125,61.0,Compress,User13,Large,-4.0
126,63.0,Squeeze,User13,Large,4.0
127,63.0,Compress,User13,Large,4.0
128,65.0,Squeeze,User13,Large,4.0
129,65.0,Compress,User13,Large,4.0
130,10.0,Squeeze,User13,Large,-4.0
131,10.0,Compress,User13,Large,-4.0
132,12.0,Squeeze,User13,Large,-4.0
133,12.0,Compress,User13,Large,-4.0
134,14.0,Squeeze,User13,Large,-4.0
135,14.0,Compress,User13,Large,-4.0
136,16.0,Squeeze,User13,Large,-4.0
137,16.0,Compress,User13,Large,-4.0
138,18.0,Squeeze,User13,Large,-4.0
139,18.0,Compress,User13,Large,-4.0
140,20.0,Squeeze,User13,Large,-4.0
141,20.0,Compress,User13,Large,-4.0
142,22.0,Squeeze,User13,Large,-4.0
143,22.0,Compress,User13,Large,-4.0
144,24.0,Squeeze,User13,Large,-4.0
145,24.0,Compress,User13,Large,-4.0
146,1.0,Squeeze,User13,Large,-4.0
147,1.0,Compress,User13,Large,-4.0
148,6.0,Squeeze,User13,Large,-4.0
149,6.0,Compress,User13,Large,-4.0
150,70.0,Squeeze,User13,Large,4.0
151,70.0,Compress,User13,Large,-4.0
152,75.0,Squeeze,User13,Large,-4.0
153,75.0,Compress,User13,Large,4.0
154,25.0,Squeeze,User13,Large,-4.0
155,25.0,Compress,User13,Large,-4.0
156,30.0,Squeeze,User13,Large,-4.0
157,30.0,Compress,User13,Large,-4.0
158,35.0,Squeeze,User13,Large,-4.0
159,35.0,Compress,User13,Large,4.0
160,40.0,Squeeze,User13,Large,4.0
161,40.0,Compress,User13,Large,-4.0
162,45.0,Squeeze,User12,Large,-4.0
163,45.0,Compress,User12,Large,-4.0
164,47.0,Squeeze,User12,Large,-4.0
165,47.0,Compress,User12,Large,-4.0
166,49.0,Squeeze,User12,Large,4.0
167,49.0,Compress,User12,Large,4.0
168,51.0,Squeeze,User12,Large,-4.0
169,51.0,Compress,User12,Large,4.0
170,53.0,Squeeze,User12,Large,-4.0
171,53.0,Compress,User12,Large,-4.0
172,55.0,Squeeze,User12,Large,4.0
173,55.0,Compress,User12,Large,-4.0
174,57.0,Squeeze,User12,Large,-4.0
175,57.0,Compress,User12,Large,-4.0
176,59.0,Squeeze,User12,Large,-4.0
177,59.0,Compress,User12,Large,-4.0
178,61.0,Squeeze,User12,Large,4.0
179,61.0,Compress,User12,Large,-4.0
180,63.0,Squeeze,User12,Large,4.0
181,63.0,Compress,User12,Large,4.0
182,65.0,Squeeze,User12,Large,4.0
183,65.0,Compress,User12,Large,4.0
184,10.0,Squeeze,User12,Large,-4.0
185,10.0,Compress,User12,Large,-4.0
186,12.0,Squeeze,User12,Large,-4.0
187,12.0,Compress,User12,Large,-4.0
188,14.0,Squeeze,User12,Large,-4.0
189,14.0,Compress,User12,Large,-4.0
190,16.0,Squeeze,User12,Large,-4.0
191,16.0,Compress,User12,Large,-4.0
192,18.0,Squeeze,User12,Large,-4.0
193,18.0,Compress,User12,Large,-4.0
194,20.0,Squeeze,User12,Large,-4.0
195,20.0,Compress,User12,Large,-4.0
196,22.0,Squeeze,User12,Large,-4.0
197,22.0,Compress,User12,Large,-4.0
198,24.0,Squeeze,User12,Large,-4.0
199,24.0,Compress,User12,Large,-4.0
200,1.0,Squeeze,User12,Large,-4.0
201,1.0,Compress,User12,Large,-4.0
202,6.0,Squeeze,User12,Large,-4.0
203,6.0,Compress,User12,Large,-4.0
204,70.0,Squeeze,User12,Large,4.0
205,70.0,Compress,User12,Large,-4.0
206,75.0,Squeeze,User12,Large,4.0
207,75.0,Compress,User12,Large,4.0
208,25.0,Squeeze,User12,Large,-4.0
209,25.0,Compress,User12,Large,-4.0
210,30.0,Squeeze,User12,Large,-4.0
211,30.0,Compress,User12,Large,-4.0
212,35.0,Squeeze,User12,Large,-4.0
213,35.0,Compress,User12,Large,-4.0
214,40.0,Squeeze,User12,Large,-4.0
215,40.0,Compress,User12,Large,-4.0
216,45.0,Squeeze,User11,Large,-4.0
217,45.0,Compress,User11,Large,4.0
218,47.0,Squeeze,User11,Large,4.0
219,47.0,Compress,User11,Large,4.0
220,49.0,Squeeze,User11,Large,4.0
221,49.0,Compress,User11,Large,4.0
222,51.0,Squeeze,User11,Large,4.0
223,51.0,Compress,User11,Large,4.0
224,53.0,Squeeze,User11,Large,4.0
225,53.0,Compress,User11,Large,4.0
226,55.0,Squeeze,User11,Large,4.0
227,55.0,Compress,User11,Large,4.0
228,57.0,Squeeze,User11,Large,4.0
229,57.0,Compress,User11,Large,4.0
230,59.0,Squeeze,User11,Large,-4.0
231,59.0,Compress,User11,Large,4.0
232,61.0,Squeeze,User11,Large,4.0
233,61.0,Compress,User11,Large,4.0
234,63.0,Squeeze,User11,Large,4.0
235,63.0,Compress,User11,Large,4.0
236,65.0,Squeeze,User11,Large,4.0
237,65.0,Compress,User11,Large,4.0
238,10.0,Squeeze,User11,Large,-4.0
239,10.0,Compress,User11,Large,-4.0
240,12.0,Squeeze,User11,Large,-4.0
241,12.0,Compress,User11,Large,4.0
242,14.0,Squeeze,User11,Large,-4.0
243,14.0,Compress,User11,Large,-4.0
244,16.0,Squeeze,User11,Large,-4.0
245,16.0,Compress,User11,Large,-4.0
246,18.0,Squeeze,User11,Large,-4.0
247,18.0,Compress,User11,Large,4.0
248,20.0,Squeeze,User11,Large,-4.0
249,20.0,Compress,User11,Large,4.0
250,22.0,Squeeze,User11,Large,-4.0
251,22.0,Compress,User11,Large,-4.0
252,24.0,Squeeze,User11,Large,-4.0
253,24.0,Compress,User11,Large,4.0
254,1.0,Squeeze,User11,Large,-4.0
255,1.0,Compress,User11,Large,-4.0
256,6.0,Squeeze,User11,Large,-4.0
257,6.0,Compress,User11,Large,-4.0
258,70.0,Squeeze,User11,Large,-4.0
259,70.0,Compress,User11,Large,4.0
260,75.0,Squeeze,User11,Large,4.0
261,75.0,Compress,User11,Large,4.0
262,25.0,Squeeze,User11,Large,-4.0
263,25.0,Compress,User11,Large,4.0
264,30.0,Squeeze,User11,Large,-4.0
265,30.0,Compress,User11,Large,4.0
266,35.0,Squeeze,User11,Large,4.0
267,35.0,Compress,User11,Large,-4.0
268,40.0,Squeeze,User11,Large,4.0
269,40.0,Compress,User11,Large,4.0
270,45.0,Squeeze,User10,Large,4.0
271,45.0,Compress,User10,Large,4.0
272,47.0,Squeeze,User10,Large,4.0
273,47.0,Compress,User10,Large,4.0
274,49.0,Squeeze,User10,Large,4.0
275,49.0,Compress,User10,Large,4.0
276,51.0,Squeeze,User10,Large,4.0
277,51.0,Compress,User10,Large,4.0
278,53.0,Squeeze,User10,Large,4.0
279,53.0,Compress,User10,Large,4.0
280,55.0,Squeeze,User10,Large,4.0
281,55.0,Compress,User10,Large,4.0
282,57.0,Squeeze,User10,Large,4.0
283,57.0,Compress,User10,Large,4.0
284,59.0,Squeeze,User10,Large,4.0
285,59.0,Compress,User10,Large,4.0
286,61.0,Squeeze,User10,Large,4.0
287,61.0,Compress,User10,Large,4.0
288,63.0,Squeeze,User10,Large,4.0
289,63.0,Compress,User10,Large,4.0
290,65.0,Squeeze,User10,Large,4.0
291,65.0,Compress,User10,Large,4.0
292,10.0,Squeeze,User10,Large,4.0
293,10.0,Compress,User10,Large,4.0
294,12.0,Squeeze,User10,Large,4.0
295,12.0,Compress,User10,Large,4.0
296,14.0,Squeeze,User10,Large,4.0
297,14.0,Compress,User10,Large,4.0
298,16.0,Squeeze,User10,Large,4.0
299,16.0,Compress,User10,Large,4.0
300,18.0,Squeeze,User10,Large,4.0
301,18.0,Compress,User10,Large,4.0
302,20.0,Squeeze,User10,Large,4.0
303,20.0,Compress,User10,Large,4.0
304,22.0,Squeeze,User10,Large,4.0
305,22.0,Compress,User10,Large,4.0
306,24.0,Squeeze,User10,Large,4.0
307,24.0,Compress,User10,Large,-4.0
308,1.0,Squeeze,User10,Large,4.0
309,1.0,Compress,User10,Large,4.0
310,6.0,Squeeze,User10,Large,4.0
311,6.0,Compress,User10,Large,4.0
312,70.0,Squeeze,User10,Large,4.0
313,70.0,Compress,User10,Large,4.0
314,75.0,Squeeze,User10,Large,4.0
315,75.0,Compress,User10,Large,4.0
316,25.0,Squeeze,User10,Large,4.0
317,25.0,Compress,User10,Large,4.0
318,30.0,Squeeze,User10,Large,4.0
319,30.0,Compress,User10,Large,4.0
320,35.0,Squeeze,User10,Large,4.0
321,35.0,Compress,User10,Large,4.0
322,40.0,Squeeze,User10,Large,4.0
323,40.0,Compress,User10,Large,4.0
324,45.0,Squeeze,User9,Large,-4.0
325,45.0,Compress,User9,Large,4.0
326,47.0,Squeeze,User9,Large,4.0
327,47.0,Compress,User9,Large,4.0
328,49.0,Squeeze,User9,Large,4.0
329,49.0,Compress,User9,Large,4.0
330,51.0,Squeeze,User9,Large,4.0
331,51.0,Compress,User9,Large,4.0
332,53.0,Squeeze,User9,Large,4.0
333,53.0,Compress,User9,Large,4.0
334,55.0,Squeeze,User9,Large,4.0
335,55.0,Compress,User9,Large,4.0
336,57.0,Squeeze,User9,Large,4.0
337,57.0,Compress,User9,Large,4.0
338,59.0,Squeeze,User9,Large,-4.0
339,59.0,Compress,User9,Large,4.0
340,61.0,Squeeze,User9,Large,4.0
341,61.0,Compress,User9,Large,4.0
342,63.0,Squeeze,User9,Large,4.0
343,63.0,Compress,User9,Large,4.0
344,65.0,Squeeze,User9,Large,4.0
345,65.0,Compress,User9,Large,4.0
346,10.0,Squeeze,User9,Large,4.0
347,10.0,Compress,User9,Large,4.0
348,12.0,Squeeze,User9,Large,4.0
349,12.0,Compress,User9,Large,4.0
350,14.0,Squeeze,User9,Large,4.0
351,14.0,Compress,User9,Large,4.0
352,16.0,Squeeze,User9,Large,4.0
353,16.0,Compress,User9,Large,4.0
354,18.0,Squeeze,User9,Large,4.0
355,18.0,Compress,User9,Large,4.0
356,20.0,Squeeze,User9,Large,4.0
357,20.0,Compress,User9,Large,4.0
358,22.0,Squeeze,User9,Large,4.0
359,22.0,Compress,User9,Large,4.0
360,24.0,Squeeze,User9,Large,4.0
361,24.0,Compress,User9,Large,4.0
362,1.0,Squeeze,User9,Large,-4.0
363,1.0,Compress,User9,Large,-4.0
364,6.0,Squeeze,User9,Large,4.0
365,6.0,Compress,User9,Large,4.0
366,70.0,Squeeze,User9,Large,4.0
367,70.0,Compress,User9,Large,4.0
368,75.0,Squeeze,User9,Large,4.0
369,75.0,Compress,User9,Large,4.0
370,25.0,Squeeze,User9,Large,4.0
371,25.0,Compress,User9,Large,4.0
372,30.0,Squeeze,User9,Large,4.0
373,30.0,Compress,User9,Large,4.0
374,35.0,Squeeze,User9,Large,4.0
375,35.0,Compress,User9,Large,4.0
376,40.0,Squeeze,User9,Large,4.0
377,40.0,Compress,User9,Large,4.0
378,45.0,Squeeze,User8,Large,-4.0
379,45.0,Compress,User8,Large,4.0
380,47.0,Squeeze,User8,Large,-4.0
381,47.0,Compress,User8,Large,-4.0
382,49.0,Squeeze,User8,Large,-4.0
383,49.0,Compress,User8,Large,-4.0
384,51.0,Squeeze,User8,Large,-4.0
385,51.0,Compress,User8,Large,-4.0
386,53.0,Squeeze,User8,Large,-4.0
387,53.0,Compress,User8,Large,4.0
388,55.0,Squeeze,User8,Large,-4.0
389,55.0,Compress,User8,Large,-4.0
390,57.0,Squeeze,User8,Large,-4.0
391,57.0,Compress,User8,Large,-4.0
392,59.0,Squeeze,User8,Large,-4.0
393,59.0,Compress,User8,Large,4.0
394,61.0,Squeeze,User8,Large,-4.0
395,61.0,Compress,User8,Large,-4.0
396,63.0,Squeeze,User8,Large,-4.0
397,63.0,Compress,User8,Large,4.0
398,65.0,Squeeze,User8,Large,-4.0
399,65.0,Compress,User8,Large,-4.0
400,10.0,Squeeze,User8,Large,4.0
401,10.0,Compress,User8,Large,4.0
402,12.0,Squeeze,User8,Large,4.0
403,12.0,Compress,User8,Large,4.0
404,14.0,Squeeze,User8,Large,4.0
405,14.0,Compress,User8,Large,4.0
406,16.0,Squeeze,User8,Large,4.0
407,16.0,Compress,User8,Large,4.0
408,18.0,Squeeze,User8,Large,4.0
409,18.0,Compress,User8,Large,4.0
410,20.0,Squeeze,User8,Large,4.0
411,20.0,Compress,User8,Large,4.0
412,22.0,Squeeze,User8,Large,4.0
413,22.0,Compress,User8,Large,-4.0
414,24.0,Squeeze,User8,Large,-4.0
415,24.0,Compress,User8,Large,-4.0
416,1.0,Squeeze,User8,Large,-4.0
417,1.0,Compress,User8,Large,-4.0
418,6.0,Squeeze,User8,Large,4.0
419,6.0,Compress,User8,Large,4.0
420,70.0,Squeeze,User8,Large,-4.0
421,70.0,Compress,User8,Large,-4.0
422,75.0,Squeeze,User8,Large,-4.0
423,75.0,Compress,User8,Large,-4.0
424,25.0,Squeeze,User8,Large,-4.0
425,25.0,Compress,User8,Large,4.0
426,30.0,Squeeze,User8,Large,4.0
427,30.0,Compress,User8,Large,-4.0
428,35.0,Squeeze,User8,Large,-4.0
429,35.0,Compress,User8,Large,-4.0
430,40.0,Squeeze,User8,Large,-4.0
431,40.0,Compress,User8,Large,-4.0
432,45.0,Squeeze,User7,Large,4.0
433,45.0,Compress,User7,Large,4.0
434,47.0,Squeeze,User7,Large,4.0
435,47.0,Compress,User7,Large,4.0
436,49.0,Squeeze,User7,Large,4.0
437,49.0,Compress,User7,Large,4.0
438,51.0,Squeeze,User7,Large,4.0
439,51.0,Compress,User7,Large,4.0
440,53.0,Squeeze,User7,Large,4.0
441,53.0,Compress,User7,Large,4.0
442,55.0,Squeeze,User7,Large,4.0
443,55.0,Compress,User7,Large,4.0
444,57.0,Squeeze,User7,Large,4.0
445,57.0,Compress,User7,Large,4.0
446,59.0,Squeeze,User7,Large,4.0
447,59.0,Compress,User7,Large,4.0
448,61.0,Squeeze,User7,Large,4.0
449,61.0,Compress,User7,Large,4.0
450,63.0,Squeeze,User7,Large,4.0
451,63.0,Compress,User7,Large,4.0
452,65.0,Squeeze,User7,Large,4.0
453,65.0,Compress,User7,Large,4.0
454,10.0,Squeeze,User7,Large,4.0
455,10.0,Compress,User7,Large,-4.0
456,12.0,Squeeze,User7,Large,-4.0
457,12.0,Compress,User7,Large,4.0
458,14.0,Squeeze,User7,Large,4.0
459,14.0,Compress,User7,Large,-4.0
460,16.0,Squeeze,User7,Large,-4.0
461,16.0,Compress,User7,Large,-4.0
462,18.0,Squeeze,User7,Large,-4.0
463,18.0,Compress,User7,Large,-4.0
464,20.0,Squeeze,User7,Large,-4.0
465,20.0,Compress,User7,Large,-4.0
466,22.0,Squeeze,User7,Large,-4.0
467,22.0,Compress,User7,Large,-4.0
468,24.0,Squeeze,User7,Large,4.0
469,24.0,Compress,User7,Large,4.0
470,1.0,Squeeze,User7,Large,-4.0
471,1.0,Compress,User7,Large,-4.0
472,6.0,Squeeze,User7,Large,-4.0
473,6.0,Compress,User7,Large,-4.0
474,70.0,Squeeze,User7,Large,4.0
475,70.0,Compress,User7,Large,4.0
476,75.0,Squeeze,User7,Large,4.0
477,75.0,Compress,User7,Large,4.0
478,25.0,Squeeze,User7,Large,-4.0
479,25.0,Compress,User7,Large,4.0
480,30.0,Squeeze,User7,Large,4.0
481,30.0,Compress,User7,Large,4.0
482,35.0,Squeeze,User7,Large,4.0
483,35.0,Compress,User7,Large,-4.0
484,40.0,Squeeze,User7,Large,-4.0
485,40.0,Compress,User7,Large,4.0
486,45.0,Squeeze,User6,Large,4.0
487,45.0,Compress,User6,Large,4.0
488,47.0,Squeeze,User6,Large,-4.0
489,47.0,Compress,User6,Large,-4.0
490,49.0,Squeeze,User6,Large,4.0
491,49.0,Compress,User6,Large,4.0
492,51.0,Squeeze,User6,Large,-4.0
493,51.0,Compress,User6,Large,4.0
494,53.0,Squeeze,User6,Large,-4.0
495,53.0,Compress,User6,Large,4.0
496,55.0,Squeeze,User6,Large,-4.0
497,55.0,Compress,User6,Large,4.0
498,57.0,Squeeze,User6,Large,-4.0
499,57.0,Compress,User6,Large,4.0
500,59.0,Squeeze,User6,Large,4.0
501,59.0,Compress,User6,Large,4.0
502,61.0,Squeeze,User6,Large,-4.0
503,61.0,Compress,User6,Large,4.0
504,63.0,Squeeze,User6,Large,4.0
505,63.0,Compress,User6,Large,4.0
506,65.0,Squeeze,User6,Large,-4.0
507,65.0,Compress,User6,Large,4.0
508,10.0,Squeeze,User6,Large,4.0
509,10.0,Compress,User6,Large,-4.0
510,12.0,Squeeze,User6,Large,-4.0
511,12.0,Compress,User6,Large,4.0
512,14.0,Squeeze,User6,Large,4.0
513,14.0,Compress,User6,Large,-4.0
514,16.0,Squeeze,User6,Large,4.0
515,16.0,Compress,User6,Large,-4.0
516,18.0,Squeeze,User6,Large,4.0
517,18.0,Compress,User6,Large,-4.0
518,20.0,Squeeze,User6,Large,-4.0
519,20.0,Compress,User6,Large,4.0
520,22.0,Squeeze,User6,Large,-4.0
521,22.0,Compress,User6,Large,4.0
522,24.0,Squeeze,User6,Large,4.0
523,24.0,Compress,User6,Large,-4.0
524,1.0,Squeeze,User6,Large,-4.0
525,1.0,Compress,User6,Large,-4.0
526,6.0,Squeeze,User6,Large,-4.0
527,6.0,Compress,User6,Large,-4.0
528,70.0,Squeeze,User6,Large,-4.0
529,70.0,Compress,User6,Large,-4.0
530,75.0,Squeeze,User6,Large,-4.0
531,75.0,Compress,User6,Large,4.0
532,25.0,Squeeze,User6,Large,-4.0
533,25.0,Compress,User6,Large,4.0
534,30.0,Squeeze,User6,Large,4.0
535,30.0,Compress,User6,Large,4.0
536,35.0,Squeeze,User6,Large,-4.0
537,35.0,Compress,User6,Large,-4.0
538,40.0,Squeeze,User6,Large,4.0
539,40.0,Compress,User6,Large,4.0
540,45.0,Squeeze,User5,Large,4.0
541,45.0,Compress,User5,Large,4.0
542,47.0,Squeeze,User5,Large,-4.0
543,47.0,Compress,User5,Large,-4.0
544,49.0,Squeeze,User5,Large,4.0
545,49.0,Compress,User5,Large,4.0
546,51.0,Squeeze,User5,Large,4.0
547,51.0,Compress,User5,Large,4.0
548,53.0,Squeeze,User5,Large,4.0
549,53.0,Compress,User5,Large,4.0
550,55.0,Squeeze,User5,Large,4.0
551,55.0,Compress,User5,Large,4.0
552,57.0,Squeeze,User5,Large,-4.0
553,57.0,Compress,User5,Large,4.0
554,59.0,Squeeze,User5,Large,4.0
555,59.0,Compress,User5,Large,4.0
556,61.0,Squeeze,User5,Large,4.0
557,61.0,Compress,User5,Large,4.0
558,63.0,Squeeze,User5,Large,4.0
559,63.0,Compress,User5,Large,4.0
560,65.0,Squeeze,User5,Large,4.0
561,65.0,Compress,User5,Large,4.0
562,10.0,Squeeze,User5,Large,-4.0
563,10.0,Compress,User5,Large,-4.0
564,12.0,Squeeze,User5,Large,-4.0
565,12.0,Compress,User5,Large,-4.0
566,14.0,Squeeze,User5,Large,4.0
567,14.0,Compress,User5,Large,-4.0
568,16.0,Squeeze,User5,Large,-4.0
569,16.0,Compress,User5,Large,-4.0
570,18.0,Squeeze,User5,Large,-4.0
571,18.0,Compress,User5,Large,4.0
572,20.0,Squeeze,User5,Large,-4.0
573,20.0,Compress,User5,Large,-4.0
574,22.0,Squeeze,User5,Large,-4.0
575,22.0,Compress,User5,Large,-4.0
576,24.0,Squeeze,User5,Large,-4.0
577,24.0,Compress,User5,Large,-4.0
578,1.0,Squeeze,User5,Large,-4.0
579,1.0,Compress,User5,Large,-4.0
580,6.0,Squeeze,User5,Large,-4.0
581,6.0,Compress,User5,Large,-4.0
582,70.0,Squeeze,User5,Large,-4.0
583,70.0,Compress,User5,Large,4.0
584,75.0,Squeeze,User5,Large,4.0
585,75.0,Compress,User5,Large,4.0
586,25.0,Squeeze,User5,Large,-4.0
587,25.0,Compress,User5,Large,-4.0
588,30.0,Squeeze,User5,Large,-4.0
589,30.0,Compress,User5,Large,-4.0
590,35.0,Squeeze,User5,Large,-4.0
591,35.0,Compress,User5,Large,4.0
592,40.0,Squeeze,User5,Large,-4.0
593,40.0,Compress,User5,Large,-4.0
594,45.0,Squeeze,User4,Large,4.0
595,45.0,Compress,User4,Large,4.0
596,47.0,Squeeze,User4,Large,4.0
597,47.0,Compress,User4,Large,4.0
598,49.0,Squeeze,User4,Large,4.0
599,49.0,Compress,User4,Large,4.0
600,51.0,Squeeze,User4,Large,4.0
601,51.0,Compress,User4,Large,4.0
602,53.0,Squeeze,User4,Large,4.0
603,53.0,Compress,User4,Large,4.0
604,55.0,Squeeze,User4,Large,4.0
605,55.0,Compress,User4,Large,4.0
606,57.0,Squeeze,User4,Large,4.0
607,57.0,Compress,User4,Large,4.0
608,59.0,Squeeze,User4,Large,4.0
609,59.0,Compress,User4,Large,4.0
610,61.0,Squeeze,User4,Large,4.0
611,61.0,Compress,User4,Large,4.0
612,63.0,Squeeze,User4,Large,4.0
613,63.0,Compress,User4,Large,4.0
614,65.0,Squeeze,User4,Large,4.0
615,65.0,Compress,User4,Large,4.0
616,10.0,Squeeze,User4,Large,-4.0
617,10.0,Compress,User4,Large,-4.0
618,12.0,Squeeze,User4,Large,-4.0
619,12.0,Compress,User4,Large,-4.0
620,14.0,Squeeze,User4,Large,-4.0
621,14.0,Compress,User4,Large,-4.0
622,16.0,Squeeze,User4,Large,4.0
623,16.0,Compress,User4,Large,-4.0
624,18.0,Squeeze,User4,Large,-4.0
625,18.0,Compress,User4,Large,-4.0
626,20.0,Squeeze,User4,Large,-4.0
627,20.0,Compress,User4,Large,4.0
628,22.0,Squeeze,User4,Large,-4.0
629,22.0,Compress,User4,Large,4.0
630,24.0,Squeeze,User4,Large,4.0
631,24.0,Compress,User4,Large,4.0
632,1.0,Squeeze,User4,Large,-4.0
633,1.0,Compress,User4,Large,-4.0
634,6.0,Squeeze,User4,Large,-4.0
635,6.0,Compress,User4,Large,-4.0
636,70.0,Squeeze,User4,Large,4.0
637,70.0,Compress,User4,Large,4.0
638,75.0,Squeeze,User4,Large,4.0
639,75.0,Compress,User4,Large,4.0
640,25.0,Squeeze,User4,Large,4.0
641,25.0,Compress,User4,Large,4.0
642,30.0,Squeeze,User4,Large,4.0
643,30.0,Compress,User4,Large,4.0
644,35.0,Squeeze,User4,Large,4.0
645,35.0,Compress,User4,Large,4.0
646,40.0,Squeeze,User4,Large,-4.0
647,40.0,Compress,User4,Large,4.0
648,45.0,Squeeze,User3,Large,4.0
649,45.0,Compress,User3,Large,4.0
650,47.0,Squeeze,User3,Large,4.0
651,47.0,Compress,User3,Large,4.0
652,49.0,Squeeze,User3,Large,4.0
653,49.0,Compress,User3,Large,4.0
654,51.0,Squeeze,User3,Large,4.0
655,51.0,Compress,User3,Large,-4.0
656,53.0,Squeeze,User3,Large,4.0
657,53.0,Compress,User3,Large,4.0
658,55.0,Squeeze,User3,Large,4.0
659,55.0,Compress,User3,Large,4.0
660,57.0,Squeeze,User3,Large,4.0
661,57.0,Compress,User3,Large,4.0
662,59.0,Squeeze,User3,Large,4.0
663,59.0,Compress,User3,Large,4.0
664,61.0,Squeeze,User3,Large,4.0
665,61.0,Compress,User3,Large,4.0
666,63.0,Squeeze,User3,Large,4.0
667,63.0,Compress,User3,Large,4.0
668,65.0,Squeeze,User3,Large,4.0
669,65.0,Compress,User3,Large,4.0
670,10.0,Squeeze,User3,Large,4.0
671,10.0,Compress,User3,Large,4.0
672,12.0,Squeeze,User3,Large,4.0
673,12.0,Compress,User3,Large,4.0
674,14.0,Squeeze,User3,Large,4.0
675,14.0,Compress,User3,Large,4.0
676,16.0,Squeeze,User3,Large,4.0
677,16.0,Compress,User3,Large,4.0
678,18.0,Squeeze,User3,Large,4.0
679,18.0,Compress,User3,Large,4.0
680,20.0,Squeeze,User3,Large,4.0
681,20.0,Compress,User3,Large,4.0
682,22.0,Squeeze,User3,Large,4.0
683,22.0,Compress,User3,Large,4.0
684,24.0,Squeeze,User3,Large,4.0
685,24.0,Compress,User3,Large,4.0
686,1.0,Squeeze,User3,Large,-4.0
687,1.0,Compress,User3,Large,4.0
688,6.0,Squeeze,User3,Large,-4.0
689,6.0,Compress,User3,Large,4.0
690,70.0,Squeeze,User3,Large,4.0
691,70.0,Compress,User3,Large,-4.0
692,75.0,Squeeze,User3,Large,4.0
693,75.0,Compress,User3,Large,4.0
694,25.0,Squeeze,User3,Large,4.0
695,25.0,Compress,User3,Large,4.0
696,30.0,Squeeze,User3,Large,4.0
697,30.0,Compress,User3,Large,4.0
698,35.0,Squeeze,User3,Large,4.0
699,35.0,Compress,User3,Large,4.0
700,40.0,Squeeze,User3,Large,4.0
701,40.0,Compress,User3,Large,4.0
702,45.0,Squeeze,User2,Large,4.0
703,45.0,Compress,User2,Large,4.0
704,47.0,Squeeze,User2,Large,4.0
705,47.0,Compress,User2,Large,4.0
706,49.0,Squeeze,User2,Large,-4.0
707,49.0,Compress,User2,Large,4.0
708,51.0,Squeeze,User2,Large,-4.0
709,51.0,Compress,User2,Large,4.0
710,53.0,Squeeze,User2,Large,4.0
711,53.0,Compress,User2,Large,4.0
712,55.0,Squeeze,User2,Large,4.0
713,55.0,Compress,User2,Large,4.0
714,57.0,Squeeze,User2,Large,4.0
715,57.0,Compress,User2,Large,4.0
716,59.0,Squeeze,User2,Large,4.0
717,59.0,Compress,User2,Large,4.0
718,61.0,Squeeze,User2,Large,4.0
719,61.0,Compress,User2,Large,4.0
720,63.0,Squeeze,User2,Large,4.0
721,63.0,Compress,User2,Large,4.0
722,65.0,Squeeze,User2,Large,4.0
723,65.0,Compress,User2,Large,4.0
724,10.0,Squeeze,User2,Large,-4.0
725,10.0,Compress,User2,Large,-4.0
726,12.0,Squeeze,User2,Large,-4.0
727,12.0,Compress,User2,Large,-4.0
728,14.0,Squeeze,User2,Large,-4.0
729,14.0,Compress,User2,Large,4.0
730,16.0,Squeeze,User2,Large,-4.0
731,16.0,Compress,User2,Large,-4.0
732,18.0,Squeeze,User2,Large,-4.0
733,18.0,Compress,User2,Large,-4.0
734,20.0,Squeeze,User2,Large,4.0
735,20.0,Compress,User2,Large,4.0
736,22.0,Squeeze,User2,Large,-4.0
737,22.0,Compress,User2,Large,4.0
738,24.0,Squeeze,User2,Large,-4.0
739,24.0,Compress,User2,Large,-4.0
740,1.0,Squeeze,User2,Large,-4.0
741,1.0,Compress,User2,Large,-4.0
742,6.0,Squeeze,User2,Large,-4.0
743,6.0,Compress,User2,Large,4.0
744,70.0,Squeeze,User2,Large,4.0
745,70.0,Compress,User2,Large,4.0
746,75.0,Squeeze,User2,Large,4.0
747,75.0,Compress,User2,Large,4.0
748,25.0,Squeeze,User2,Large,4.0
749,25.0,Compress,User2,Large,-4.0
750,30.0,Squeeze,User2,Large,-4.0
751,30.0,Compress,User2,Large,4.0
752,35.0,Squeeze,User2,Large,-4.0
753,35.0,Compress,User2,Large,4.0
754,40.0,Squeeze,User2,Large,-4.0
755,40.0,Compress,User2,Large,4.0
756,45.0,Squeeze,User1,Large,4.0
757,45.0,Compress,User1,Large,4.0
758,47.0,Squeeze,User1,Large,-4.0
759,47.0,Compress,User1,Large,-4.0
760,49.0,Squeeze,User1,Large,4.0
761,49.0,Compress,User1,Large,4.0
762,51.0,Squeeze,User1,Large,4.0
763,51.0,Compress,User1,Large,4.0
764,53.0,Squeeze,User1,Large,4.0
765,53.0,Compress,User1,Large,4.0
766,55.0,Squeeze,User1,Large,4.0
767,55.0,Compress,User1,Large,4.0
768,57.0,Squeeze,User1,Large,4.0
769,57.0,Compress,User1,Large,4.0
770,59.0,Squeeze,User1,Large,4.0
771,59.0,Compress,User1,Large,4.0
772,61.0,Squeeze,User1,Large,4.0
773,61.0,Compress,User1,Large,4.0
774,63.0,Squeeze,User1,Large,4.0
775,63.0,Compress,User1,Large,4.0
776,65.0,Squeeze,User1,Large,4.0
777,65.0,Compress,User1,Large,4.0
778,10.0,Squeeze,User1,Large,-4.0
779,10.0,Compress,User1,Large,-4.0
780,12.0,Squeeze,User1,Large,-4.0
781,12.0,Compress,User1,Large,-4.0
782,14.0,Squeeze,User1,Large,-4.0
783,14.0,Compress,User1,Large,-4.0
784,16.0,Squeeze,User1,Large,-4.0
785,16.0,Compress,User1,Large,-4.0
786,18.0,Squeeze,User1,Large,4.0
787,18.0,Compress,User1,Large,-4.0
788,20.0,Squeeze,User1,Large,4.0
789,20.0,Compress,User1,Large,4.0
790,22.0,Squeeze,User1,Large,4.0
791,22.0,Compress,User1,Large,-4.0
792,24.0,Squeeze,User1,Large,-4.0
793,24.0,Compress,User1,Large,4.0
794,1.0,Squeeze,User1,Large,-4.0
795,1.0,Compress,User1,Large,-4.0
796,6.0,Squeeze,User1,Large,-4.0
797,6.0,Compress,User1,Large,-4.0
798,70.0,Squeeze,User1,Large,4.0
799,70.0,Compress,User1,Large,4.0
800,75.0,Squeeze,User1,Large,4.0
801,75.0,Compress,User1,Large,4.0
802,25.0,Squeeze,User1,Large,4.0
803,25.0,Compress,User1,Large,4.0
804,30.0,Squeeze,User1,Large,4.0
805,30.0,Compress,User1,Large,4.0
806,35.0,Squeeze,User1,Large,4.0
807,35.0,Compress,User1,Large,4.0
808,40.0,Squeeze,User1,Large,4.0
809,40.0,Compress,User1,Large,4.0
810,45.0,Squeeze,User15,Small,-4.0
811,45.0,Compress,User15,Small,-4.0
812,47.0,Squeeze,User15,Small,-4.0
813,47.0,Compress,User15,Small,-4.0
814,49.0,Squeeze,User15,Small,-4.0
815,49.0,Compress,User15,Small,4.0
816,51.0,Squeeze,User15,Small,4.0
817,51.0,Compress,User15,Small,-4.0
818,53.0,Squeeze,User15,Small,-4.0
819,53.0,Compress,User15,Small,-4.0
820,55.0,Squeeze,User15,Small,-4.0
821,55.0,Compress,User15,Small,-4.0
822,57.0,Squeeze,User15,Small,-4.0
823,57.0,Compress,User15,Small,-4.0
824,59.0,Squeeze,User15,Small,4.0
825,59.0,Compress,User15,Small,4.0
826,61.0,Squeeze,User15,Small,-4.0
827,61.0,Compress,User15,Small,-4.0
828,63.0,Squeeze,User15,Small,-4.0
829,63.0,Compress,User15,Small,-4.0
830,65.0,Squeeze,User15,Small,-4.0
831,65.0,Compress,User15,Small,-4.0
832,10.0,Squeeze,User15,Small,4.0
833,10.0,Compress,User15,Small,4.0
834,12.0,Squeeze,User15,Small,4.0
835,12.0,Compress,User15,Small,4.0
836,14.0,Squeeze,User15,Small,4.0
837,14.0,Compress,User15,Small,-4.0
838,16.0,Squeeze,User15,Small,4.0
839,16.0,Compress,User15,Small,-4.0
840,18.0,Squeeze,User15,Small,4.0
841,18.0,Compress,User15,Small,-4.0
842,20.0,Squeeze,User15,Small,4.0
843,20.0,Compress,User15,Small,4.0
844,22.0,Squeeze,User15,Small,-4.0
845,22.0,Compress,User15,Small,4.0
846,24.0,Squeeze,User15,Small,-4.0
847,24.0,Compress,User15,Small,-4.0
848,1.0,Squeeze,User15,Small,4.0
849,1.0,Compress,User15,Small,-4.0
850,6.0,Squeeze,User15,Small,4.0
851,6.0,Compress,User15,Small,4.0
852,70.0,Squeeze,User15,Small,-4.0
853,70.0,Compress,User15,Small,-4.0
854,75.0,Squeeze,User15,Small,-4.0
855,75.0,Compress,User15,Small,-4.0
856,25.0,Squeeze,User15,Small,-4.0
857,25.0,Compress,User15,Small,-4.0
858,30.0,Squeeze,User15,Small,-4.0
859,30.0,Compress,User15,Small,-4.0
860,35.0,Squeeze,User15,Small,4.0
861,35.0,Compress,User15,Small,-4.0
862,40.0,Squeeze,User15,Small,-4.0
863,40.0,Compress,User15,Small,-4.0
864,45.0,Squeeze,User14,Small,4.0
865,45.0,Compress,User14,Small,-4.0
866,47.0,Squeeze,User14,Small,-4.0
867,47.0,Compress,User14,Small,-4.0
868,49.0,Squeeze,User14,Small,-4.0
869,49.0,Compress,User14,Small,-4.0
870,51.0,Squeeze,User14,Small,-4.0
871,51.0,Compress,User14,Small,-4.0
872,53.0,Squeeze,User14,Small,-4.0
873,53.0,Compress,User14,Small,-4.0
874,55.0,Squeeze,User14,Small,-4.0
875,55.0,Compress,User14,Small,-4.0
876,57.0,Squeeze,User14,Small,-4.0
877,57.0,Compress,User14,Small,-4.0
878,59.0,Squeeze,User14,Small,-4.0
879,59.0,Compress,User14,Small,-4.0
880,61.0,Squeeze,User14,Small,4.0
881,61.0,Compress,User14,Small,-4.0
882,63.0,Squeeze,User14,Small,-4.0
883,63.0,Compress,User14,Small,-4.0
884,65.0,Squeeze,User14,Small,-4.0
885,65.0,Compress,User14,Small,-4.0
886,10.0,Squeeze,User14,Small,-4.0
887,10.0,Compress,User14,Small,4.0
888,12.0,Squeeze,User14,Small,4.0
889,12.0,Compress,User14,Small,-4.0
890,14.0,Squeeze,User14,Small,-4.0
891,14.0,Compress,User14,Small,-4.0
892,16.0,Squeeze,User14,Small,4.0
893,16.0,Compress,User14,Small,-4.0
894,18.0,Squeeze,User14,Small,4.0
895,18.0,Compress,User14,Small,4.0
896,20.0,Squeeze,User14,Small,4.0
897,20.0,Compress,User14,Small,-4.0
898,22.0,Squeeze,User14,Small,4.0
899,22.0,Compress,User14,Small,-4.0
900,24.0,Squeeze,User14,Small,-4.0
901,24.0,Compress,User14,Small,-4.0
902,1.0,Squeeze,User14,Small,-4.0
903,1.0,Compress,User14,Small,-4.0
904,6.0,Squeeze,User14,Small,4.0
905,6.0,Compress,User14,Small,-4.0
906,70.0,Squeeze,User14,Small,-4.0
907,70.0,Compress,User14,Small,-4.0
908,75.0,Squeeze,User14,Small,4.0
909,75.0,Compress,User14,Small,-4.0
910,25.0,Squeeze,User14,Small,-4.0
911,25.0,Compress,User14,Small,-4.0
912,30.0,Squeeze,User14,Small,4.0
913,30.0,Compress,User14,Small,-4.0
914,35.0,Squeeze,User14,Small,-4.0
915,35.0,Compress,User14,Small,4.0
916,40.0,Squeeze,User14,Small,4.0
917,40.0,Compress,User14,Small,-4.0
918,45.0,Squeeze,User13,Small,4.0
919,45.0,Compress,User13,Small,4.0
920,47.0,Squeeze,User13,Small,-4.0
921,47.0,Compress,User13,Small,-4.0
922,49.0,Squeeze,User13,Small,4.0
923,49.0,Compress,User13,Small,-4.0
924,51.0,Squeeze,User13,Small,-4.0
925,51.0,Compress,User13,Small,-4.0
926,53.0,Squeeze,User13,Small,4.0
927,53.0,Compress,User13,Small,4.0
928,55.0,Squeeze,User13,Small,-4.0
929,55.0,Compress,User13,Small,4.0
930,57.0,Squeeze,User13,Small,4.0
931,57.0,Compress,User13,Small,4.0
932,59.0,Squeeze,User13,Small,4.0
933,59.0,Compress,User13,Small,4.0
934,61.0,Squeeze,User13,Small,4.0
935,61.0,Compress,User13,Small,4.0
936,63.0,Squeeze,User13,Small,4.0
937,63.0,Compress,User13,Small,4.0
938,65.0,Squeeze,User13,Small,4.0
939,65.0,Compress,User13,Small,4.0
940,10.0,Squeeze,User13,Small,-4.0
941,10.0,Compress,User13,Small,-4.0
942,12.0,Squeeze,User13,Small,-4.0
943,12.0,Compress,User13,Small,-4.0
944,14.0,Squeeze,User13,Small,-4.0
945,14.0,Compress,User13,Small,-4.0
946,16.0,Squeeze,User13,Small,-4.0
947,16.0,Compress,User13,Small,-4.0
948,18.0,Squeeze,User13,Small,-4.0
949,18.0,Compress,User13,Small,-4.0
950,20.0,Squeeze,User13,Small,-4.0
951,20.0,Compress,User13,Small,-4.0
952,22.0,Squeeze,User13,Small,-4.0
953,22.0,Compress,User13,Small,-4.0
954,24.0,Squeeze,User13,Small,-4.0
955,24.0,Compress,User13,Small,-4.0
956,1.0,Squeeze,User13,Small,-4.0
957,1.0,Compress,User13,Small,-4.0
958,6.0,Squeeze,User13,Small,-4.0
959,6.0,Compress,User13,Small,-4.0
960,70.0,Squeeze,User13,Small,4.0
961,70.0,Compress,User13,Small,4.0
962,75.0,Squeeze,User13,Small,4.0
963,75.0,Compress,User13,Small,4.0
964,25.0,Squeeze,User13,Small,-4.0
965,25.0,Compress,User13,Small,-4.0
966,30.0,Squeeze,User13,Small,-4.0
967,30.0,Compress,User13,Small,-4.0
968,35.0,Squeeze,User13,Small,-4.0
969,35.0,Compress,User13,Small,4.0
970,40.0,Squeeze,User13,Small,4.0
971,40.0,Compress,User13,Small,-4.0
972,45.0,Squeeze,User12,Small,-4.0
973,45.0,Compress,User12,Small,4.0
974,47.0,Squeeze,User12,Small,-4.0
975,47.0,Compress,User12,Small,4.0
976,49.0,Squeeze,User12,Small,-4.0
977,49.0,Compress,User12,Small,-4.0
978,51.0,Squeeze,User12,Small,-4.0
979,51.0,Compress,User12,Small,-4.0
980,53.0,Squeeze,User12,Small,-4.0
981,53.0,Compress,User12,Small,4.0
982,55.0,Squeeze,User12,Small,-4.0
983,55.0,Compress,User12,Small,4.0
984,57.0,Squeeze,User12,Small,4.0
985,57.0,Compress,User12,Small,4.0
986,59.0,Squeeze,User12,Small,-4.0
987,59.0,Compress,User12,Small,4.0
988,61.0,Squeeze,User12,Small,4.0
989,61.0,Compress,User12,Small,-4.0
990,63.0,Squeeze,User12,Small,-4.0
991,63.0,Compress,User12,Small,-4.0
992,65.0,Squeeze,User12,Small,4.0
993,65.0,Compress,User12,Small,-4.0
994,10.0,Squeeze,User12,Small,-4.0
995,10.0,Compress,User12,Small,-4.0
996,12.0,Squeeze,User12,Small,-4.0
997,12.0,Compress,User12,Small,-4.0
998,14.0,Squeeze,User12,Small,-4.0
999,14.0,Compress,User12,Small,-4.0
1000,16.0,Squeeze,User12,Small,-4.0
1001,16.0,Compress,User12,Small,-4.0
1002,18.0,Squeeze,User12,Small,-4.0
1003,18.0,Compress,User12,Small,-4.0
1004,20.0,Squeeze,User12,Small,-4.0
1005,20.0,Compress,User12,Small,-4.0
1006,22.0,Squeeze,User12,Small,-4.0
1007,22.0,Compress,User12,Small,-4.0
1008,24.0,Squeeze,User12,Small,-4.0
1009,24.0,Compress,User12,Small,-4.0
1010,1.0,Squeeze,User12,Small,-4.0
1011,1.0,Compress,User12,Small,-4.0
1012,6.0,Squeeze,User12,Small,-4.0
1013,6.0,Compress,User12,Small,-4.0
1014,70.0,Squeeze,User12,Small,4.0
1015,70.0,Compress,User12,Small,4.0
1016,75.0,Squeeze,User12,Small,-4.0
1017,75.0,Compress,User12,Small,4.0
1018,25.0,Squeeze,User12,Small,-4.0
1019,25.0,Compress,User12,Small,-4.0
1020,30.0,Squeeze,User12,Small,-4.0
1021,30.0,Compress,User12,Small,-4.0
1022,35.0,Squeeze,User12,Small,-4.0
1023,35.0,Compress,User12,Small,-4.0
1024,40.0,Squeeze,User12,Small,-4.0
1025,40.0,Compress,User12,Small,-4.0
1026,45.0,Squeeze,User11,Small,4.0
1027,45.0,Compress,User11,Small,4.0
1028,47.0,Squeeze,User11,Small,-4.0
1029,47.0,Compress,User11,Small,4.0
1030,49.0,Squeeze,User11,Small,4.0
1031,49.0,Compress,User11,Small,4.0
1032,51.0,Squeeze,User11,Small,4.0
1033,51.0,Compress,User11,Small,4.0
1034,53.0,Squeeze,User11,Small,4.0
1035,53.0,Compress,User11,Small,4.0
1036,55.0,Squeeze,User11,Small,4.0
1037,55.0,Compress,User11,Small,4.0
1038,57.0,Squeeze,User11,Small,4.0
1039,57.0,Compress,User11,Small,4.0
1040,59.0,Squeeze,User11,Small,-4.0
1041,59.0,Compress,User11,Small,-4.0
1042,61.0,Squeeze,User11,Small,-4.0
1043,61.0,Compress,User11,Small,-4.0
1044,63.0,Squeeze,User11,Small,4.0
1045,63.0,Compress,User11,Small,4.0
1046,65.0,Squeeze,User11,Small,-4.0
1047,65.0,Compress,User11,Small,4.0
1048,10.0,Squeeze,User11,Small,-4.0
1049,10.0,Compress,User11,Small,-4.0
1050,12.0,Squeeze,User11,Small,-4.0
1051,12.0,Compress,User11,Small,-4.0
1052,14.0,Squeeze,User11,Small,-4.0
1053,14.0,Compress,User11,Small,-4.0
1054,16.0,Squeeze,User11,Small,-4.0
1055,16.0,Compress,User11,Small,-4.0
1056,18.0,Squeeze,User11,Small,4.0
1057,18.0,Compress,User11,Small,-4.0
1058,20.0,Squeeze,User11,Small,4.0
1059,20.0,Compress,User11,Small,4.0
1060,22.0,Squeeze,User11,Small,4.0
1061,22.0,Compress,User11,Small,-4.0
1062,24.0,Squeeze,User11,Small,4.0
1063,24.0,Compress,User11,Small,4.0
1064,1.0,Squeeze,User11,Small,-4.0
1065,1.0,Compress,User11,Small,-4.0
1066,6.0,Squeeze,User11,Small,-4.0
1067,6.0,Compress,User11,Small,-4.0
1068,70.0,Squeeze,User11,Small,4.0
1069,70.0,Compress,User11,Small,4.0
1070,75.0,Squeeze,User11,Small,-4.0
1071,75.0,Compress,User11,Small,4.0
1072,25.0,Squeeze,User11,Small,4.0
1073,25.0,Compress,User11,Small,-4.0
1074,30.0,Squeeze,User11,Small,4.0
1075,30.0,Compress,User11,Small,4.0
1076,35.0,Squeeze,User11,Small,-4.0
1077,35.0,Compress,User11,Small,4.0
1078,40.0,Squeeze,User11,Small,4.0
1079,40.0,Compress,User11,Small,4.0
1080,45.0,Squeeze,User10,Small,4.0
1081,45.0,Compress,User10,Small,-4.0
1082,47.0,Squeeze,User10,Small,4.0
1083,47.0,Compress,User10,Small,4.0
1084,49.0,Squeeze,User10,Small,4.0
1085,49.0,Compress,User10,Small,4.0
1086,51.0,Squeeze,User10,Small,4.0
1087,51.0,Compress,User10,Small,-4.0
1088,53.0,Squeeze,User10,Small,4.0
1089,53.0,Compress,User10,Small,4.0
1090,55.0,Squeeze,User10,Small,4.0
1091,55.0,Compress,User10,Small,4.0
1092,57.0,Squeeze,User10,Small,4.0
1093,57.0,Compress,User10,Small,4.0
1094,59.0,Squeeze,User10,Small,4.0
1095,59.0,Compress,User10,Small,4.0
1096,61.0,Squeeze,User10,Small,4.0
1097,61.0,Compress,User10,Small,4.0
1098,63.0,Squeeze,User10,Small,4.0
1099,63.0,Compress,User10,Small,4.0
1100,65.0,Squeeze,User10,Small,4.0
1101,65.0,Compress,User10,Small,4.0
1102,10.0,Squeeze,User10,Small,4.0
1103,10.0,Compress,User10,Small,4.0
1104,12.0,Squeeze,User10,Small,4.0
1105,12.0,Compress,User10,Small,4.0
1106,14.0,Squeeze,User10,Small,4.0
1107,14.0,Compress,User10,Small,4.0
1108,16.0,Squeeze,User10,Small,4.0
1109,16.0,Compress,User10,Small,4.0
1110,18.0,Squeeze,User10,Small,4.0
1111,18.0,Compress,User10,Small,4.0
1112,20.0,Squeeze,User10,Small,4.0
1113,20.0,Compress,User10,Small,4.0
1114,22.0,Squeeze,User10,Small,4.0
1115,22.0,Compress,User10,Small,4.0
1116,24.0,Squeeze,User10,Small,4.0
1117,24.0,Compress,User10,Small,4.0
1118,1.0,Squeeze,User10,Small,4.0
1119,1.0,Compress,User10,Small,4.0
1120,6.0,Squeeze,User10,Small,4.0
1121,6.0,Compress,User10,Small,4.0
1122,70.0,Squeeze,User10,Small,4.0
1123,70.0,Compress,User10,Small,4.0
1124,75.0,Squeeze,User10,Small,4.0
1125,75.0,Compress,User10,Small,4.0
1126,25.0,Squeeze,User10,Small,4.0
1127,25.0,Compress,User10,Small,4.0
1128,30.0,Squeeze,User10,Small,4.0
1129,30.0,Compress,User10,Small,4.0
1130,35.0,Squeeze,User10,Small,4.0
1131,35.0,Compress,User10,Small,4.0
1132,40.0,Squeeze,User10,Small,4.0
1133,40.0,Compress,User10,Small,4.0
1134,45.0,Squeeze,User9,Small,4.0
1135,45.0,Compress,User9,Small,4.0
1136,47.0,Squeeze,User9,Small,4.0
1137,47.0,Compress,User9,Small,4.0
1138,49.0,Squeeze,User9,Small,4.0
1139,49.0,Compress,User9,Small,4.0
1140,51.0,Squeeze,User9,Small,4.0
1141,51.0,Compress,User9,Small,4.0
1142,53.0,Squeeze,User9,Small,-4.0
1143,53.0,Compress,User9,Small,4.0
1144,55.0,Squeeze,User9,Small,4.0
1145,55.0,Compress,User9,Small,4.0
1146,57.0,Squeeze,User9,Small,4.0
1147,57.0,Compress,User9,Small,4.0
1148,59.0,Squeeze,User9,Small,4.0
1149,59.0,Compress,User9,Small,4.0
1150,61.0,Squeeze,User9,Small,4.0
1151,61.0,Compress,User9,Small,4.0
1152,63.0,Squeeze,User9,Small,-4.0
1153,63.0,Compress,User9,Small,4.0
1154,65.0,Squeeze,User9,Small,4.0
1155,65.0,Compress,User9,Small,4.0
1156,10.0,Squeeze,User9,Small,4.0
1157,10.0,Compress,User9,Small,4.0
1158,12.0,Squeeze,User9,Small,4.0
1159,12.0,Compress,User9,Small,4.0
1160,14.0,Squeeze,User9,Small,4.0
1161,14.0,Compress,User9,Small,4.0
1162,16.0,Squeeze,User9,Small,4.0
1163,16.0,Compress,User9,Small,4.0
1164,18.0,Squeeze,User9,Small,4.0
1165,18.0,Compress,User9,Small,4.0
1166,20.0,Squeeze,User9,Small,4.0
1167,20.0,Compress,User9,Small,4.0
1168,22.0,Squeeze,User9,Small,4.0
1169,22.0,Compress,User9,Small,4.0
1170,24.0,Squeeze,User9,Small,4.0
1171,24.0,Compress,User9,Small,4.0
1172,1.0,Squeeze,User9,Small,-4.0
1173,1.0,Compress,User9,Small,-4.0
1174,6.0,Squeeze,User9,Small,4.0
1175,6.0,Compress,User9,Small,4.0
1176,70.0,Squeeze,User9,Small,4.0
1177,70.0,Compress,User9,Small,4.0
1178,75.0,Squeeze,User9,Small,-4.0
1179,75.0,Compress,User9,Small,4.0
1180,25.0,Squeeze,User9,Small,4.0
1181,25.0,Compress,User9,Small,4.0
1182,30.0,Squeeze,User9,Small,4.0
1183,30.0,Compress,User9,Small,4.0
1184,35.0,Squeeze,User9,Small,4.0
1185,35.0,Compress,User9,Small,4.0
1186,40.0,Squeeze,User9,Small,4.0
1187,40.0,Compress,User9,Small,4.0
1188,45.0,Squeeze,User8,Small,-4.0
1189,45.0,Compress,User8,Small,4.0
1190,47.0,Squeeze,User8,Small,-4.0
1191,47.0,Compress,User8,Small,-4.0
1192,49.0,Squeeze,User8,Small,-4.0
1193,49.0,Compress,User8,Small,-4.0
1194,51.0,Squeeze,User8,Small,-4.0
1195,51.0,Compress,User8,Small,-4.0
1196,53.0,Squeeze,User8,Small,-4.0
1197,53.0,Compress,User8,Small,-4.0
1198,55.0,Squeeze,User8,Small,-4.0
1199,55.0,Compress,User8,Small,-4.0
1200,57.0,Squeeze,User8,Small,-4.0
1201,57.0,Compress,User8,Small,-4.0
1202,59.0,Squeeze,User8,Small,-4.0
1203,59.0,Compress,User8,Small,-4.0
1204,61.0,Squeeze,User8,Small,-4.0
1205,61.0,Compress,User8,Small,-4.0
1206,63.0,Squeeze,User8,Small,-4.0
1207,63.0,Compress,User8,Small,-4.0
1208,65.0,Squeeze,User8,Small,-4.0
1209,65.0,Compress,User8,Small,-4.0
1210,10.0,Squeeze,User8,Small,4.0
1211,10.0,Compress,User8,Small,4.0
1212,12.0,Squeeze,User8,Small,4.0
1213,12.0,Compress,User8,Small,4.0
1214,14.0,Squeeze,User8,Small,4.0
1215,14.0,Compress,User8,Small,4.0
1216,16.0,Squeeze,User8,Small,4.0
1217,16.0,Compress,User8,Small,-4.0
1218,18.0,Squeeze,User8,Small,4.0
1219,18.0,Compress,User8,Small,4.0
1220,20.0,Squeeze,User8,Small,4.0
1221,20.0,Compress,User8,Small,4.0
1222,22.0,Squeeze,User8,Small,-4.0
1223,22.0,Compress,User8,Small,4.0
1224,24.0,Squeeze,User8,Small,4.0
1225,24.0,Compress,User8,Small,-4.0
1226,1.0,Squeeze,User8,Small,-4.0
1227,1.0,Compress,User8,Small,-4.0
1228,6.0,Squeeze,User8,Small,4.0
1229,6.0,Compress,User8,Small,4.0
1230,70.0,Squeeze,User8,Small,-4.0
1231,70.0,Compress,User8,Small,-4.0
1232,75.0,Squeeze,User8,Small,-4.0
1233,75.0,Compress,User8,Small,-4.0
1234,25.0,Squeeze,User8,Small,-4.0
1235,25.0,Compress,User8,Small,4.0
1236,30.0,Squeeze,User8,Small,-4.0
1237,30.0,Compress,User8,Small,4.0
1238,35.0,Squeeze,User8,Small,-4.0
1239,35.0,Compress,User8,Small,-4.0
1240,40.0,Squeeze,User8,Small,-4.0
1241,40.0,Compress,User8,Small,-4.0
1242,45.0,Squeeze,User7,Small,4.0
1243,45.0,Compress,User7,Small,4.0
1244,47.0,Squeeze,User7,Small,4.0
1245,47.0,Compress,User7,Small,4.0
1246,49.0,Squeeze,User7,Small,4.0
1247,49.0,Compress,User7,Small,4.0
1248,51.0,Squeeze,User7,Small,4.0
1249,51.0,Compress,User7,Small,4.0
1250,53.0,Squeeze,User7,Small,4.0
1251,53.0,Compress,User7,Small,4.0
1252,55.0,Squeeze,User7,Small,4.0
1253,55.0,Compress,User7,Small,4.0
1254,57.0,Squeeze,User7,Small,4.0
1255,57.0,Compress,User7,Small,4.0
1256,59.0,Squeeze,User7,Small,4.0
1257,59.0,Compress,User7,Small,4.0
1258,61.0,Squeeze,User7,Small,4.0
1259,61.0,Compress,User7,Small,4.0
1260,63.0,Squeeze,User7,Small,4.0
1261,63.0,Compress,User7,Small,4.0
1262,65.0,Squeeze,User7,Small,4.0
1263,65.0,Compress,User7,Small,4.0
1264,10.0,Squeeze,User7,Small,4.0
1265,10.0,Compress,User7,Small,-4.0
1266,12.0,Squeeze,User7,Small,4.0
1267,12.0,Compress,User7,Small,-4.0
1268,14.0,Squeeze,User7,Small,4.0
1269,14.0,Compress,User7,Small,-4.0
1270,16.0,Squeeze,User7,Small,4.0
1271,16.0,Compress,User7,Small,-4.0
1272,18.0,Squeeze,User7,Small,4.0
1273,18.0,Compress,User7,Small,-4.0
1274,20.0,Squeeze,User7,Small,4.0
1275,20.0,Compress,User7,Small,-4.0
1276,22.0,Squeeze,User7,Small,4.0
1277,22.0,Compress,User7,Small,-4.0
1278,24.0,Squeeze,User7,Small,4.0
1279,24.0,Compress,User7,Small,4.0
1280,1.0,Squeeze,User7,Small,-4.0
1281,1.0,Compress,User7,Small,-4.0
1282,6.0,Squeeze,User7,Small,-4.0
1283,6.0,Compress,User7,Small,-4.0
1284,70.0,Squeeze,User7,Small,4.0
1285,70.0,Compress,User7,Small,4.0
1286,75.0,Squeeze,User7,Small,4.0
1287,75.0,Compress,User7,Small,-4.0
1288,25.0,Squeeze,User7,Small,4.0
1289,25.0,Compress,User7,Small,4.0
1290,30.0,Squeeze,User7,Small,4.0
1291,30.0,Compress,User7,Small,-4.0
1292,35.0,Squeeze,User7,Small,4.0
1293,35.0,Compress,User7,Small,-4.0
1294,40.0,Squeeze,User7,Small,4.0
1295,40.0,Compress,User7,Small,4.0
1296,45.0,Squeeze,User6,Small,4.0
1297,45.0,Compress,User6,Small,-4.0
1298,47.0,Squeeze,User6,Small,-4.0
1299,47.0,Compress,User6,Small,-4.0
1300,49.0,Squeeze,User6,Small,4.0
1301,49.0,Compress,User6,Small,-4.0
1302,51.0,Squeeze,User6,Small,-4.0
1303,51.0,Compress,User6,Small,-4.0
1304,53.0,Squeeze,User6,Small,-4.0
1305,53.0,Compress,User6,Small,-4.0
1306,55.0,Squeeze,User6,Small,4.0
1307,55.0,Compress,User6,Small,-4.0
1308,57.0,Squeeze,User6,Small,4.0
1309,57.0,Compress,User6,Small,4.0
1310,59.0,Squeeze,User6,Small,-4.0
1311,59.0,Compress,User6,Small,4.0
1312,61.0,Squeeze,User6,Small,-4.0
1313,61.0,Compress,User6,Small,-4.0
1314,63.0,Squeeze,User6,Small,-4.0
1315,63.0,Compress,User6,Small,-4.0
1316,65.0,Squeeze,User6,Small,-4.0
1317,65.0,Compress,User6,Small,-4.0
1318,10.0,Squeeze,User6,Small,4.0
1319,10.0,Compress,User6,Small,-4.0
1320,12.0,Squeeze,User6,Small,4.0
1321,12.0,Compress,User6,Small,-4.0
1322,14.0,Squeeze,User6,Small,4.0
1323,14.0,Compress,User6,Small,-4.0
1324,16.0,Squeeze,User6,Small,4.0
1325,16.0,Compress,User6,Small,-4.0
1326,18.0,Squeeze,User6,Small,-4.0
1327,18.0,Compress,User6,Small,-4.0
1328,20.0,Squeeze,User6,Small,-4.0
1329,20.0,Compress,User6,Small,-4.0
1330,22.0,Squeeze,User6,Small,-4.0
1331,22.0,Compress,User6,Small,4.0
1332,24.0,Squeeze,User6,Small,4.0
1333,24.0,Compress,User6,Small,-4.0
1334,1.0,Squeeze,User6,Small,-4.0
1335,1.0,Compress,User6,Small,-4.0
1336,6.0,Squeeze,User6,Small,4.0
1337,6.0,Compress,User6,Small,4.0
1338,70.0,Squeeze,User6,Small,-4.0
1339,70.0,Compress,User6,Small,4.0
1340,75.0,Squeeze,User6,Small,-4.0
1341,75.0,Compress,User6,Small,-4.0
1342,25.0,Squeeze,User6,Small,4.0
1343,25.0,Compress,User6,Small,-4.0
1344,30.0,Squeeze,User6,Small,4.0
1345,30.0,Compress,User6,Small,4.0
1346,35.0,Squeeze,User6,Small,4.0
1347,35.0,Compress,User6,Small,-4.0
1348,40.0,Squeeze,User6,Small,4.0
1349,40.0,Compress,User6,Small,-4.0
1350,45.0,Squeeze,User5,Small,-4.0
1351,45.0,Compress,User5,Small,4.0
1352,47.0,Squeeze,User5,Small,4.0
1353,47.0,Compress,User5,Small,-4.0
1354,49.0,Squeeze,User5,Small,4.0
1355,49.0,Compress,User5,Small,-4.0
1356,51.0,Squeeze,User5,Small,4.0
1357,51.0,Compress,User5,Small,4.0
1358,53.0,Squeeze,User5,Small,4.0
1359,53.0,Compress,User5,Small,4.0
1360,55.0,Squeeze,User5,Small,-4.0
1361,55.0,Compress,User5,Small,4.0
1362,57.0,Squeeze,User5,Small,4.0
1363,57.0,Compress,User5,Small,4.0
1364,59.0,Squeeze,User5,Small,4.0
1365,59.0,Compress,User5,Small,4.0
1366,61.0,Squeeze,User5,Small,4.0
1367,61.0,Compress,User5,Small,4.0
1368,63.0,Squeeze,User5,Small,4.0
1369,63.0,Compress,User5,Small,-4.0
1370,65.0,Squeeze,User5,Small,4.0
1371,65.0,Compress,User5,Small,4.0
1372,10.0,Squeeze,User5,Small,-4.0
1373,10.0,Compress,User5,Small,-4.0
1374,12.0,Squeeze,User5,Small,-4.0
1375,12.0,Compress,User5,Small,-4.0
1376,14.0,Squeeze,User5,Small,-4.0
1377,14.0,Compress,User5,Small,-4.0
1378,16.0,Squeeze,User5,Small,-4.0
1379,16.0,Compress,User5,Small,4.0
1380,18.0,Squeeze,User5,Small,-4.0
1381,18.0,Compress,User5,Small,-4.0
1382,20.0,Squeeze,User5,Small,-4.0
1383,20.0,Compress,User5,Small,-4.0
1384,22.0,Squeeze,User5,Small,-4.0
1385,22.0,Compress,User5,Small,-4.0
1386,24.0,Squeeze,User5,Small,-4.0
1387,24.0,Compress,User5,Small,-4.0
1388,1.0,Squeeze,User5,Small,-4.0
1389,1.0,Compress,User5,Small,-4.0
1390,6.0,Squeeze,User5,Small,-4.0
1391,6.0,Compress,User5,Small,-4.0
1392,70.0,Squeeze,User5,Small,4.0
1393,70.0,Compress,User5,Small,4.0
1394,75.0,Squeeze,User5,Small,4.0
1395,75.0,Compress,User5,Small,4.0
1396,25.0,Squeeze,User5,Small,-4.0
1397,25.0,Compress,User5,Small,-4.0
1398,30.0,Squeeze,User5,Small,4.0
1399,30.0,Compress,User5,Small,-4.0
1400,35.0,Squeeze,User5,Small,-4.0
1401,35.0,Compress,User5,Small,4.0
1402,40.0,Squeeze,User5,Small,-4.0
1403,40.0,Compress,User5,Small,4.0
1404,45.0,Squeeze,User4,Small,4.0
1405,45.0,Compress,User4,Small,4.0
1406,47.0,Squeeze,User4,Small,4.0
1407,47.0,Compress,User4,Small,4.0
1408,49.0,Squeeze,User4,Small,4.0
1409,49.0,Compress,User4,Small,4.0
1410,51.0,Squeeze,User4,Small,4.0
1411,51.0,Compress,User4,Small,4.0
1412,53.0,Squeeze,User4,Small,4.0
1413,53.0,Compress,User4,Small,4.0
1414,55.0,Squeeze,User4,Small,4.0
1415,55.0,Compress,User4,Small,4.0
1416,57.0,Squeeze,User4,Small,4.0
1417,57.0,Compress,User4,Small,4.0
1418,59.0,Squeeze,User4,Small,4.0
1419,59.0,Compress,User4,Small,4.0
1420,61.0,Squeeze,User4,Small,4.0
1421,61.0,Compress,User4,Small,4.0
1422,63.0,Squeeze,User4,Small,4.0
1423,63.0,Compress,User4,Small,4.0
1424,65.0,Squeeze,User4,Small,4.0
1425,65.0,Compress,User4,Small,4.0
1426,10.0,Squeeze,User4,Small,4.0
1427,10.0,Compress,User4,Small,-4.0
1428,12.0,Squeeze,User4,Small,-4.0
1429,12.0,Compress,User4,Small,-4.0
1430,14.0,Squeeze,User4,Small,-4.0
1431,14.0,Compress,User4,Small,-4.0
1432,16.0,Squeeze,User4,Small,4.0
1433,16.0,Compress,User4,Small,-4.0
1434,18.0,Squeeze,User4,Small,-4.0
1435,18.0,Compress,User4,Small,-4.0
1436,20.0,Squeeze,User4,Small,-4.0
1437,20.0,Compress,User4,Small,-4.0
1438,22.0,Squeeze,User4,Small,-4.0
1439,22.0,Compress,User4,Small,-4.0
1440,24.0,Squeeze,User4,Small,-4.0
1441,24.0,Compress,User4,Small,4.0
1442,1.0,Squeeze,User4,Small,-4.0
1443,1.0,Compress,User4,Small,-4.0
1444,6.0,Squeeze,User4,Small,-4.0
1445,6.0,Compress,User4,Small,-4.0
1446,70.0,Squeeze,User4,Small,4.0
1447,70.0,Compress,User4,Small,4.0
1448,75.0,Squeeze,User4,Small,4.0
1449,75.0,Compress,User4,Small,4.0
1450,25.0,Squeeze,User4,Small,4.0
1451,25.0,Compress,User4,Small,4.0
1452,30.0,Squeeze,User4,Small,-4.0
1453,30.0,Compress,User4,Small,4.0
1454,35.0,Squeeze,User4,Small,4.0
1455,35.0,Compress,User4,Small,4.0
1456,40.0,Squeeze,User4,Small,4.0
1457,40.0,Compress,User4,Small,4.0
1458,45.0,Squeeze,User3,Small,4.0
1459,45.0,Compress,User3,Small,4.0
1460,47.0,Squeeze,User3,Small,-4.0
1461,47.0,Compress,User3,Small,4.0
1462,49.0,Squeeze,User3,Small,-4.0
1463,49.0,Compress,User3,Small,4.0
1464,51.0,Squeeze,User3,Small,4.0
1465,51.0,Compress,User3,Small,4.0
1466,53.0,Squeeze,User3,Small,-4.0
1467,53.0,Compress,User3,Small,-4.0
1468,55.0,Squeeze,User3,Small,4.0
1469,55.0,Compress,User3,Small,4.0
1470,57.0,Squeeze,User3,Small,4.0
1471,57.0,Compress,User3,Small,4.0
1472,59.0,Squeeze,User3,Small,4.0
1473,59.0,Compress,User3,Small,4.0
1474,61.0,Squeeze,User3,Small,-4.0
1475,61.0,Compress,User3,Small,4.0
1476,63.0,Squeeze,User3,Small,4.0
1477,63.0,Compress,User3,Small,4.0
1478,65.0,Squeeze,User3,Small,4.0
1479,65.0,Compress,User3,Small,4.0
1480,10.0,Squeeze,User3,Small,4.0
1481,10.0,Compress,User3,Small,4.0
1482,12.0,Squeeze,User3,Small,4.0
1483,12.0,Compress,User3,Small,4.0
1484,14.0,Squeeze,User3,Small,4.0
1485,14.0,Compress,User3,Small,4.0
1486,16.0,Squeeze,User3,Small,4.0
1487,16.0,Compress,User3,Small,4.0
1488,18.0,Squeeze,User3,Small,-4.0
1489,18.0,Compress,User3,Small,4.0
1490,20.0,Squeeze,User3,Small,4.0
1491,20.0,Compress,User3,Small,4.0
1492,22.0,Squeeze,User3,Small,4.0
1493,22.0,Compress,User3,Small,4.0
1494,24.0,Squeeze,User3,Small,4.0
1495,24.0,Compress,User3,Small,4.0
1496,1.0,Squeeze,User3,Small,-4.0
1497,1.0,Compress,User3,Small,-4.0
1498,6.0,Squeeze,User3,Small,-4.0
1499,6.0,Compress,User3,Small,4.0
1500,70.0,Squeeze,User3,Small,-4.0
1501,70.0,Compress,User3,Small,4.0
1502,75.0,Squeeze,User3,Small,4.0
1503,75.0,Compress,User3,Small,4.0
1504,25.0,Squeeze,User3,Small,4.0
1505,25.0,Compress,User3,Small,4.0
1506,30.0,Squeeze,User3,Small,4.0
1507,30.0,Compress,User3,Small,4.0
1508,35.0,Squeeze,User3,Small,4.0
1509,35.0,Compress,User3,Small,4.0
1510,40.0,Squeeze,User3,Small,4.0
1511,40.0,Compress,User3,Small,4.0
1512,45.0,Squeeze,User2,Small,4.0
1513,45.0,Compress,User2,Small,4.0
1514,47.0,Squeeze,User2,Small,4.0
1515,47.0,Compress,User2,Small,4.0
1516,49.0,Squeeze,User2,Small,4.0
1517,49.0,Compress,User2,Small,4.0
1518,51.0,Squeeze,User2,Small,4.0
1519,51.0,Compress,User2,Small,4.0
1520,53.0,Squeeze,User2,Small,4.0
1521,53.0,Compress,User2,Small,4.0
1522,55.0,Squeeze,User2,Small,4.0
1523,55.0,Compress,User2,Small,4.0
1524,57.0,Squeeze,User2,Small,4.0
1525,57.0,Compress,User2,Small,4.0
1526,59.0,Squeeze,User2,Small,4.0
1527,59.0,Compress,User2,Small,4.0
1528,61.0,Squeeze,User2,Small,4.0
1529,61.0,Compress,User2,Small,4.0
1530,63.0,Squeeze,User2,Small,4.0
1531,63.0,Compress,User2,Small,4.0
1532,65.0,Squeeze,User2,Small,4.0
1533,65.0,Compress,User2,Small,4.0
1534,10.0,Squeeze,User2,Small,-4.0
1535,10.0,Compress,User2,Small,4.0
1536,12.0,Squeeze,User2,Small,-4.0
1537,12.0,Compress,User2,Small,-4.0
1538,14.0,Squeeze,User2,Small,-4.0
1539,14.0,Compress,User2,Small,4.0
1540,16.0,Squeeze,User2,Small,4.0
1541,16.0,Compress,User2,Small,4.0
1542,18.0,Squeeze,User2,Small,-4.0
1543,18.0,Compress,User2,Small,4.0
1544,20.0,Squeeze,User2,Small,-4.0
1545,20.0,Compress,User2,Small,4.0
1546,22.0,Squeeze,User2,Small,-4.0
1547,22.0,Compress,User2,Small,4.0
1548,24.0,Squeeze,User2,Small,4.0
1549,24.0,Compress,User2,Small,4.0
1550,1.0,Squeeze,User2,Small,-4.0
1551,1.0,Compress,User2,Small,-4.0
1552,6.0,Squeeze,User2,Small,-4.0
1553,6.0,Compress,User2,Small,-4.0
1554,70.0,Squeeze,User2,Small,-4.0
1555,70.0,Compress,User2,Small,4.0
1556,75.0,Squeeze,User2,Small,4.0
1557,75.0,Compress,User2,Small,4.0
1558,25.0,Squeeze,User2,Small,4.0
1559,25.0,Compress,User2,Small,4.0
1560,30.0,Squeeze,User2,Small,4.0
1561,30.0,Compress,User2,Small,4.0
1562,35.0,Squeeze,User2,Small,-4.0
1563,35.0,Compress,User2,Small,4.0
1564,40.0,Squeeze,User2,Small,-4.0
1565,40.0,Compress,User2,Small,4.0
1566,45.0,Squeeze,User1,Small,4.0
1567,45.0,Compress,User1,Small,4.0
1568,47.0,Squeeze,User1,Small,4.0
1569,47.0,Compress,User1,Small,4.0
1570,49.0,Squeeze,User1,Small,4.0
1571,49.0,Compress,User1,Small,4.0
1572,51.0,Squeeze,User1,Small,4.0
1573,51.0,Compress,User1,Small,4.0
1574,53.0,Squeeze,User1,Small,4.0
1575,53.0,Compress,User1,Small,4.0
1576,55.0,Squeeze,User1,Small,4.0
1577,55.0,Compress,User1,Small,4.0
1578,57.0,Squeeze,User1,Small,4.0
1579,57.0,Compress,User1,Small,4.0
1580,59.0,Squeeze,User1,Small,4.0
1581,59.0,Compress,User1,Small,4.0
1582,61.0,Squeeze,User1,Small,4.0
1583,61.0,Compress,User1,Small,4.0
1584,63.0,Squeeze,User1,Small,4.0
1585,63.0,Compress,User1,Small,4.0
1586,65.0,Squeeze,User1,Small,4.0
1587,65.0,Compress,User1,Small,4.0
1588,10.0,Squeeze,User1,Small,-4.0
1589,10.0,Compress,User1,Small,-4.0
1590,12.0,Squeeze,User1,Small,-4.0
1591,12.0,Compress,User1,Small,-4.0
1592,14.0,Squeeze,User1,Small,-4.0
1593,14.0,Compress,User1,Small,4.0
1594,16.0,Squeeze,User1,Small,-4.0
1595,16.0,Compress,User1,Small,4.0
1596,18.0,Squeeze,User1,Small,-4.0
1597,18.0,Compress,User1,Small,-4.0
1598,20.0,Squeeze,User1,Small,-4.0
1599,20.0,Compress,User1,Small,-4.0
1600,22.0,Squeeze,User1,Small,4.0
1601,22.0,Compress,User1,Small,-4.0
1602,24.0,Squeeze,User1,Small,-4.0
1603,24.0,Compress,User1,Small,4.0
1604,1.0,Squeeze,User1,Small,-4.0
1605,1.0,Compress,User1,Small,-4.0
1606,6.0,Squeeze,User1,Small,-4.0
1607,6.0,Compress,User1,Small,4.0
1608,70.0,Squeeze,User1,Small,4.0
1609,70.0,Compress,User1,Small,4.0
1610,75.0,Squeeze,User1,Small,4.0
1611,75.0,Compress,User1,Small,4.0
1612,25.0,Squeeze,User1,Small,4.0
1613,25.0,Compress,User1,Small,4.0
1614,30.0,Squeeze,User1,Small,4.0
1615,30.0,Compress,User1,Small,4.0
1616,35.0,Squeeze,User1,Small,4.0
1617,35.0,Compress,User1,Small,-4.0
1618,40.0,Squeeze,User1,Small,4.0
1619,40.0,Compress,User1,Small,4.0
