,User,Task,Stiffness,Scale,2AFC,Confidence,Results
0,User15,Squeeze,45.0,Large,1.0,2,4.0
1,User15,Compress,45.0,Large,1.0,3,4.0
2,User15,Squeeze,45.0,Small,0.0,4,-4.0
3,User15,Compress,45.0,Small,0.0,3,-4.0
4,User15,Squeeze,47.0,Large,1.0,4,4.0
5,User15,Compress,47.0,Large,1.0,2,4.0
6,User15,Squeeze,47.0,Small,0.0,3,-4.0
7,User15,Compress,47.0,Small,0.0,4,-4.0
8,User15,Squeeze,49.0,Large,1.0,4,4.0
9,User15,Compress,49.0,Large,0.0,4,-4.0
10,User15,Squeeze,49.0,Small,0.0,4,-4.0
11,User15,Compress,49.0,Small,1.0,4,4.0
12,User15,Squeeze,51.0,Large,0.0,3,-4.0
13,User15,Compress,51.0,Large,1.0,4,4.0
14,User15,Squeeze,51.0,Small,1.0,2,4.0
15,User15,Compress,51.0,Small,0.0,4,-4.0
16,User15,Squeeze,53.0,Large,1.0,2,4.0
17,User15,Compress,53.0,Large,1.0,3,4.0
18,User15,Squeeze,53.0,Small,0.0,4,-4.0
19,User15,Compress,53.0,Small,0.0,4,-4.0
20,User15,Squeeze,55.0,Large,0.0,4,-4.0
21,User15,Compress,55.0,Large,0.0,4,-4.0
22,User15,Squeeze,55.0,Small,0.0,4,-4.0
23,User15,Compress,55.0,Small,0.0,3,-4.0
24,User15,Squeeze,57.0,Large,1.0,4,4.0
25,User15,Compress,57.0,Large,1.0,4,4.0
26,User15,Squeeze,57.0,Small,0.0,4,-4.0
27,User15,Compress,57.0,Small,0.0,4,-4.0
28,User15,Squeeze,59.0,Large,0.0,4,-4.0
29,User15,Compress,59.0,Large,1.0,3,4.0
30,User15,Squeeze,59.0,Small,1.0,3,4.0
31,User15,Compress,59.0,Small,1.0,3,4.0
32,User15,Squeeze,61.0,Large,1.0,4,4.0
33,User15,Compress,61.0,Large,1.0,5,4.0
34,User15,Squeeze,61.0,Small,0.0,4,-4.0
35,User15,Compress,61.0,Small,0.0,4,-4.0
36,User15,Squeeze,63.0,Large,0.0,4,-4.0
37,User15,Compress,63.0,Large,1.0,4,4.0
38,User15,Squeeze,63.0,Small,0.0,4,-4.0
39,User15,Compress,63.0,Small,0.0,4,-4.0
40,User15,Squeeze,65.0,Large,0.0,3,-4.0
41,User15,Compress,65.0,Large,0.0,5,-4.0
42,User15,Squeeze,65.0,Small,0.0,3,-4.0
43,User15,Compress,65.0,Small,0.0,4,-4.0
44,User15,Squeeze,10.0,Large,1.0,4,4.0
45,User15,Compress,10.0,Large,0.0,3,-4.0
46,User15,Squeeze,10.0,Small,1.0,3,4.0
47,User15,Compress,10.0,Small,1.0,3,4.0
48,User15,Squeeze,12.0,Large,1.0,4,4.0
49,User15,Compress,12.0,Large,1.0,5,4.0
50,User15,Squeeze,12.0,Small,1.0,4,4.0
51,User15,Compress,12.0,Small,1.0,3,4.0
52,User15,Squeeze,14.0,Large,0.0,3,-4.0
53,User15,Compress,14.0,Large,1.0,4,4.0
54,User15,Squeeze,14.0,Small,1.0,4,4.0
55,User15,Compress,14.0,Small,0.0,4,-4.0
56,User15,Squeeze,16.0,Large,1.0,5,4.0
57,User15,Compress,16.0,Large,0.0,4,-4.0
58,User15,Squeeze,16.0,Small,1.0,3,4.0
59,User15,Compress,16.0,Small,0.0,4,-4.0
60,User15,Squeeze,18.0,Large,1.0,2,4.0
61,User15,Compress,18.0,Large,1.0,3,4.0
62,User15,Squeeze,18.0,Small,1.0,4,4.0
63,User15,Compress,18.0,Small,0.0,4,-4.0
64,User15,Squeeze,20.0,Large,1.0,2,4.0
65,User15,Compress,20.0,Large,1.0,4,4.0
66,User15,Squeeze,20.0,Small,1.0,2,4.0
67,User15,Compress,20.0,Small,1.0,4,4.0
68,User15,Squeeze,22.0,Large,0.0,3,-4.0
69,User15,Compress,22.0,Large,0.0,3,-4.0
70,User15,Squeeze,22.0,Small,0.0,4,-4.0
71,User15,Compress,22.0,Small,1.0,4,4.0
72,User15,Squeeze,24.0,Large,0.0,4,-4.0
73,User15,Compress,24.0,Large,1.0,4,4.0
74,User15,Squeeze,24.0,Small,0.0,4,-4.0
75,User15,Compress,24.0,Small,0.0,4,-4.0
76,User15,Squeeze,1.0,Large,0.0,4,-4.0
77,User15,Compress,1.0,Large,1.0,3,4.0
78,User15,Squeeze,1.0,Small,1.0,4,4.0
79,User15,Compress,1.0,Small,0.0,3,-4.0
80,User15,Squeeze,6.0,Large,1.0,4,4.0
81,User15,Compress,6.0,Large,1.0,5,4.0
82,User15,Squeeze,6.0,Small,1.0,2,4.0
83,User15,Compress,6.0,Small,1.0,4,4.0
84,User15,Squeeze,70.0,Large,0.0,3,-4.0
85,User15,Compress,70.0,Large,0.0,4,-4.0
86,User15,Squeeze,70.0,Small,0.0,4,-4.0
87,User15,Compress,70.0,Small,0.0,4,-4.0
88,User15,Squeeze,75.0,Large,0.0,4,-4.0
89,User15,Compress,75.0,Large,1.0,4,4.0
90,User15,Squeeze,75.0,Small,0.0,4,-4.0
91,User15,Compress,75.0,Small,0.0,5,-4.0
92,User15,Squeeze,25.0,Large,1.0,3,4.0
93,User15,Compress,25.0,Large,0.0,4,-4.0
94,User15,Squeeze,25.0,Small,0.0,3,-4.0
95,User15,Compress,25.0,Small,0.0,3,-4.0
96,User15,Squeeze,30.0,Large,1.0,5,4.0
97,User15,Compress,30.0,Large,0.0,4,-4.0
98,User15,Squeeze,30.0,Small,0.0,4,-4.0
99,User15,Compress,30.0,Small,0.0,4,-4.0
100,User15,Squeeze,35.0,Large,1.0,4,4.0
101,User15,Compress,35.0,Large,1.0,5,4.0
102,User15,Squeeze,35.0,Small,1.0,3,4.0
103,User15,Compress,35.0,Small,0.0,4,-4.0
104,User15,Squeeze,40.0,Large,0.0,3,-4.0
105,User15,Compress,40.0,Large,0.0,4,-4.0
106,User15,Squeeze,40.0,Small,0.0,4,-4.0
107,User15,Compress,40.0,Small,0.0,4,-4.0
0,User14,Squeeze,45.0,Large,1.0,3,4.0
1,User14,Compress,45.0,Large,1.0,3,4.0
2,User14,Squeeze,45.0,Small,1.0,3,4.0
3,User14,Compress,45.0,Small,0.0,4,-4.0
4,User14,Squeeze,47.0,Large,0.0,4,-4.0
5,User14,Compress,47.0,Large,1.0,3,4.0
6,User14,Squeeze,47.0,Small,0.0,5,-4.0
7,User14,Compress,47.0,Small,0.0,4,-4.0
8,User14,Squeeze,49.0,Large,1.0,3,4.0
9,User14,Compress,49.0,Large,0.0,3,-4.0
10,User14,Squeeze,49.0,Small,0.0,3,-4.0
11,User14,Compress,49.0,Small,0.0,3,-4.0
12,User14,Squeeze,51.0,Large,0.0,4,-4.0
13,User14,Compress,51.0,Large,1.0,4,4.0
14,User14,Squeeze,51.0,Small,0.0,4,-4.0
15,User14,Compress,51.0,Small,0.0,5,-4.0
16,User14,Squeeze,53.0,Large,0.0,1,-4.0
17,User14,Compress,53.0,Large,1.0,4,4.0
18,User14,Squeeze,53.0,Small,0.0,4,-4.0
19,User14,Compress,53.0,Small,0.0,3,-4.0
20,User14,Squeeze,55.0,Large,1.0,3,4.0
21,User14,Compress,55.0,Large,1.0,4,4.0
22,User14,Squeeze,55.0,Small,0.0,4,-4.0
23,User14,Compress,55.0,Small,0.0,5,-4.0
24,User14,Squeeze,57.0,Large,1.0,4,4.0
25,User14,Compress,57.0,Large,1.0,4,4.0
26,User14,Squeeze,57.0,Small,0.0,3,-4.0
27,User14,Compress,57.0,Small,0.0,4,-4.0
28,User14,Squeeze,59.0,Large,1.0,2,4.0
29,User14,Compress,59.0,Large,0.0,4,-4.0
30,User14,Squeeze,59.0,Small,0.0,4,-4.0
31,User14,Compress,59.0,Small,0.0,5,-4.0
32,User14,Squeeze,61.0,Large,1.0,4,4.0
33,User14,Compress,61.0,Large,1.0,3,4.0
34,User14,Squeeze,61.0,Small,1.0,3,4.0
35,User14,Compress,61.0,Small,0.0,2,-4.0
36,User14,Squeeze,63.0,Large,1.0,4,4.0
37,User14,Compress,63.0,Large,1.0,2,4.0
38,User14,Squeeze,63.0,Small,0.0,5,-4.0
39,User14,Compress,63.0,Small,0.0,3,-4.0
40,User14,Squeeze,65.0,Large,1.0,4,4.0
41,User14,Compress,65.0,Large,1.0,4,4.0
42,User14,Squeeze,65.0,Small,0.0,4,-4.0
43,User14,Compress,65.0,Small,0.0,4,-4.0
44,User14,Squeeze,10.0,Large,0.0,4,-4.0
45,User14,Compress,10.0,Large,1.0,2,4.0
46,User14,Squeeze,10.0,Small,0.0,2,-4.0
47,User14,Compress,10.0,Small,1.0,3,4.0
48,User14,Squeeze,12.0,Large,0.0,3,-4.0
49,User14,Compress,12.0,Large,0.0,4,-4.0
50,User14,Squeeze,12.0,Small,1.0,2,4.0
51,User14,Compress,12.0,Small,0.0,5,-4.0
52,User14,Squeeze,14.0,Large,1.0,3,4.0
53,User14,Compress,14.0,Large,0.0,4,-4.0
54,User14,Squeeze,14.0,Small,0.0,4,-4.0
55,User14,Compress,14.0,Small,0.0,3,-4.0
56,User14,Squeeze,16.0,Large,0.0,2,-4.0
57,User14,Compress,16.0,Large,1.0,3,4.0
58,User14,Squeeze,16.0,Small,1.0,3,4.0
59,User14,Compress,16.0,Small,0.0,3,-4.0
60,User14,Squeeze,18.0,Large,1.0,5,4.0
61,User14,Compress,18.0,Large,0.0,3,-4.0
62,User14,Squeeze,18.0,Small,1.0,4,4.0
63,User14,Compress,18.0,Small,1.0,4,4.0
64,User14,Squeeze,20.0,Large,1.0,4,4.0
65,User14,Compress,20.0,Large,1.0,3,4.0
66,User14,Squeeze,20.0,Small,1.0,3,4.0
67,User14,Compress,20.0,Small,0.0,4,-4.0
68,User14,Squeeze,22.0,Large,0.0,3,-4.0
69,User14,Compress,22.0,Large,1.0,4,4.0
70,User14,Squeeze,22.0,Small,1.0,4,4.0
71,User14,Compress,22.0,Small,0.0,4,-4.0
72,User14,Squeeze,24.0,Large,0.0,4,-4.0
73,User14,Compress,24.0,Large,1.0,4,4.0
74,User14,Squeeze,24.0,Small,0.0,4,-4.0
75,User14,Compress,24.0,Small,0.0,4,-4.0
76,User14,Squeeze,1.0,Large,0.0,5,-4.0
77,User14,Compress,1.0,Large,0.0,5,-4.0
78,User14,Squeeze,1.0,Small,0.0,5,-4.0
79,User14,Compress,1.0,Small,0.0,5,-4.0
80,User14,Squeeze,6.0,Large,1.0,2,4.0
81,User14,Compress,6.0,Large,0.0,3,-4.0
82,User14,Squeeze,6.0,Small,1.0,3,4.0
83,User14,Compress,6.0,Small,0.0,2,-4.0
84,User14,Squeeze,70.0,Large,0.0,4,-4.0
85,User14,Compress,70.0,Large,1.0,4,4.0
86,User14,Squeeze,70.0,Small,0.0,3,-4.0
87,User14,Compress,70.0,Small,0.0,4,-4.0
88,User14,Squeeze,75.0,Large,0.0,4,-4.0
89,User14,Compress,75.0,Large,0.0,4,-4.0
90,User14,Squeeze,75.0,Small,1.0,5,4.0
91,User14,Compress,75.0,Small,0.0,5,-4.0
92,User14,Squeeze,25.0,Large,1.0,4,4.0
93,User14,Compress,25.0,Large,0.0,3,-4.0
94,User14,Squeeze,25.0,Small,0.0,4,-4.0
95,User14,Compress,25.0,Small,0.0,2,-4.0
96,User14,Squeeze,30.0,Large,1.0,4,4.0
97,User14,Compress,30.0,Large,1.0,3,4.0
98,User14,Squeeze,30.0,Small,1.0,4,4.0
99,User14,Compress,30.0,Small,0.0,5,-4.0
100,User14,Squeeze,35.0,Large,1.0,4,4.0
101,User14,Compress,35.0,Large,1.0,4,4.0
102,User14,Squeeze,35.0,Small,0.0,4,-4.0
103,User14,Compress,35.0,Small,1.0,2,4.0
104,User14,Squeeze,40.0,Large,0.0,4,-4.0
105,User14,Compress,40.0,Large,1.0,4,4.0
106,User14,Squeeze,40.0,Small,1.0,2,4.0
107,User14,Compress,40.0,Small,0.0,4,-4.0
0,User13,Squeeze,45.0,Large,0.0,3,-4.0
1,User13,Compress,45.0,Large,0.0,3,-4.0
2,User13,Squeeze,45.0,Small,1.0,4,4.0
3,User13,Compress,45.0,Small,1.0,1,4.0
4,User13,Squeeze,47.0,Large,0.0,2,-4.0
5,User13,Compress,47.0,Large,1.0,4,4.0
6,User13,Squeeze,47.0,Small,0.0,3,-4.0
7,User13,Compress,47.0,Small,0.0,2,-4.0
8,User13,Squeeze,49.0,Large,1.0,5,4.0
9,User13,Compress,49.0,Large,0.0,4,-4.0
10,User13,Squeeze,49.0,Small,1.0,2,4.0
11,User13,Compress,49.0,Small,0.0,1,-4.0
12,User13,Squeeze,51.0,Large,1.0,5,4.0
13,User13,Compress,51.0,Large,0.0,2,-4.0
14,User13,Squeeze,51.0,Small,0.0,1,-4.0
15,User13,Compress,51.0,Small,0.0,2,-4.0
16,User13,Squeeze,53.0,Large,1.0,3,4.0
17,User13,Compress,53.0,Large,0.0,2,-4.0
18,User13,Squeeze,53.0,Small,1.0,4,4.0
19,User13,Compress,53.0,Small,1.0,4,4.0
20,User13,Squeeze,55.0,Large,0.0,2,-4.0
21,User13,Compress,55.0,Large,1.0,2,4.0
22,User13,Squeeze,55.0,Small,0.0,3,-4.0
23,User13,Compress,55.0,Small,1.0,5,4.0
24,User13,Squeeze,57.0,Large,1.0,2,4.0
25,User13,Compress,57.0,Large,0.0,2,-4.0
26,User13,Squeeze,57.0,Small,1.0,4,4.0
27,User13,Compress,57.0,Small,1.0,3,4.0
28,User13,Squeeze,59.0,Large,1.0,4,4.0
29,User13,Compress,59.0,Large,1.0,2,4.0
30,User13,Squeeze,59.0,Small,1.0,4,4.0
31,User13,Compress,59.0,Small,1.0,4,4.0
32,User13,Squeeze,61.0,Large,1.0,3,4.0
33,User13,Compress,61.0,Large,0.0,2,-4.0
34,User13,Squeeze,61.0,Small,1.0,4,4.0
35,User13,Compress,61.0,Small,1.0,2,4.0
36,User13,Squeeze,63.0,Large,1.0,3,4.0
37,User13,Compress,63.0,Large,1.0,2,4.0
38,User13,Squeeze,63.0,Small,1.0,4,4.0
39,User13,Compress,63.0,Small,1.0,3,4.0
40,User13,Squeeze,65.0,Large,1.0,2,4.0
41,User13,Compress,65.0,Large,1.0,4,4.0
42,User13,Squeeze,65.0,Small,1.0,3,4.0
43,User13,Compress,65.0,Small,1.0,4,4.0
44,User13,Squeeze,10.0,Large,0.0,4,-4.0
45,User13,Compress,10.0,Large,0.0,2,-4.0
46,User13,Squeeze,10.0,Small,0.0,4,-4.0
47,User13,Compress,10.0,Small,0.0,3,-4.0
48,User13,Squeeze,12.0,Large,0.0,4,-4.0
49,User13,Compress,12.0,Large,0.0,5,-4.0
50,User13,Squeeze,12.0,Small,0.0,2,-4.0
51,User13,Compress,12.0,Small,0.0,5,-4.0
52,User13,Squeeze,14.0,Large,0.0,2,-4.0
53,User13,Compress,14.0,Large,0.0,3,-4.0
54,User13,Squeeze,14.0,Small,0.0,4,-4.0
55,User13,Compress,14.0,Small,0.0,4,-4.0
56,User13,Squeeze,16.0,Large,0.0,4,-4.0
57,User13,Compress,16.0,Large,0.0,4,-4.0
58,User13,Squeeze,16.0,Small,0.0,2,-4.0
59,User13,Compress,16.0,Small,0.0,2,-4.0
60,User13,Squeeze,18.0,Large,0.0,2,-4.0
61,User13,Compress,18.0,Large,0.0,3,-4.0
62,User13,Squeeze,18.0,Small,0.0,2,-4.0
63,User13,Compress,18.0,Small,0.0,3,-4.0
64,User13,Squeeze,20.0,Large,0.0,2,-4.0
65,User13,Compress,20.0,Large,0.0,5,-4.0
66,User13,Squeeze,20.0,Small,0.0,3,-4.0
67,User13,Compress,20.0,Small,0.0,2,-4.0
68,User13,Squeeze,22.0,Large,0.0,3,-4.0
69,User13,Compress,22.0,Large,0.0,3,-4.0
70,User13,Squeeze,22.0,Small,0.0,2,-4.0
71,User13,Compress,22.0,Small,0.0,2,-4.0
72,User13,Squeeze,24.0,Large,0.0,2,-4.0
73,User13,Compress,24.0,Large,0.0,2,-4.0
74,User13,Squeeze,24.0,Small,0.0,3,-4.0
75,User13,Compress,24.0,Small,0.0,2,-4.0
76,User13,Squeeze,1.0,Large,0.0,4,-4.0
77,User13,Compress,1.0,Large,0.0,5,-4.0
78,User13,Squeeze,1.0,Small,0.0,5,-4.0
79,User13,Compress,1.0,Small,0.0,5,-4.0
80,User13,Squeeze,6.0,Large,0.0,4,-4.0
81,User13,Compress,6.0,Large,0.0,5,-4.0
82,User13,Squeeze,6.0,Small,0.0,5,-4.0
83,User13,Compress,6.0,Small,0.0,5,-4.0
84,User13,Squeeze,70.0,Large,1.0,4,4.0
85,User13,Compress,70.0,Large,0.0,1,-4.0
86,User13,Squeeze,70.0,Small,1.0,4,4.0
87,User13,Compress,70.0,Small,1.0,3,4.0
88,User13,Squeeze,75.0,Large,0.0,1,-4.0
89,User13,Compress,75.0,Large,1.0,3,4.0
90,User13,Squeeze,75.0,Small,1.0,5,4.0
91,User13,Compress,75.0,Small,1.0,3,4.0
92,User13,Squeeze,25.0,Large,0.0,3,-4.0
93,User13,Compress,25.0,Large,0.0,2,-4.0
94,User13,Squeeze,25.0,Small,0.0,2,-4.0
95,User13,Compress,25.0,Small,0.0,2,-4.0
96,User13,Squeeze,30.0,Large,0.0,1,-4.0
97,User13,Compress,30.0,Large,0.0,1,-4.0
98,User13,Squeeze,30.0,Small,0.0,2,-4.0
99,User13,Compress,30.0,Small,0.0,2,-4.0
100,User13,Squeeze,35.0,Large,0.0,3,-4.0
101,User13,Compress,35.0,Large,1.0,2,4.0
102,User13,Squeeze,35.0,Small,0.0,1,-4.0
103,User13,Compress,35.0,Small,1.0,2,4.0
104,User13,Squeeze,40.0,Large,1.0,3,4.0
105,User13,Compress,40.0,Large,0.0,3,-4.0
106,User13,Squeeze,40.0,Small,1.0,3,4.0
107,User13,Compress,40.0,Small,0.0,2,-4.0
0,User12,Squeeze,45.0,Large,0.0,2,-4.0
1,User12,Compress,45.0,Large,0.0,3,-4.0
2,User12,Squeeze,45.0,Small,0.0,2,-4.0
3,User12,Compress,45.0,Small,1.0,3,4.0
4,User12,Squeeze,47.0,Large,0.0,2,-4.0
5,User12,Compress,47.0,Large,0.0,2,-4.0
6,User12,Squeeze,47.0,Small,0.0,4,-4.0
7,User12,Compress,47.0,Small,1.0,3,4.0
8,User12,Squeeze,49.0,Large,1.0,4,4.0
9,User12,Compress,49.0,Large,1.0,3,4.0
10,User12,Squeeze,49.0,Small,0.0,3,-4.0
11,User12,Compress,49.0,Small,0.0,2,-4.0
12,User12,Squeeze,51.0,Large,0.0,2,-4.0
13,User12,Compress,51.0,Large,1.0,4,4.0
14,User12,Squeeze,51.0,Small,0.0,4,-4.0
15,User12,Compress,51.0,Small,0.0,2,-4.0
16,User12,Squeeze,53.0,Large,0.0,2,-4.0
17,User12,Compress,53.0,Large,0.0,2,-4.0
18,User12,Squeeze,53.0,Small,0.0,2,-4.0
19,User12,Compress,53.0,Small,1.0,2,4.0
20,User12,Squeeze,55.0,Large,1.0,4,4.0
21,User12,Compress,55.0,Large,0.0,2,-4.0
22,User12,Squeeze,55.0,Small,0.0,2,-4.0
23,User12,Compress,55.0,Small,1.0,2,4.0
24,User12,Squeeze,57.0,Large,0.0,4,-4.0
25,User12,Compress,57.0,Large,0.0,3,-4.0
26,User12,Squeeze,57.0,Small,1.0,2,4.0
27,User12,Compress,57.0,Small,1.0,4,4.0
28,User12,Squeeze,59.0,Large,0.0,3,-4.0
29,User12,Compress,59.0,Large,0.0,2,-4.0
30,User12,Squeeze,59.0,Small,0.0,2,-4.0
31,User12,Compress,59.0,Small,1.0,2,4.0
32,User12,Squeeze,61.0,Large,1.0,3,4.0
33,User12,Compress,61.0,Large,0.0,2,-4.0
34,User12,Squeeze,61.0,Small,1.0,3,4.0
35,User12,Compress,61.0,Small,0.0,4,-4.0
36,User12,Squeeze,63.0,Large,1.0,4,4.0
37,User12,Compress,63.0,Large,1.0,3,4.0
38,User12,Squeeze,63.0,Small,0.0,3,-4.0
39,User12,Compress,63.0,Small,0.0,3,-4.0
40,User12,Squeeze,65.0,Large,1.0,3,4.0
41,User12,Compress,65.0,Large,1.0,3,4.0
42,User12,Squeeze,65.0,Small,1.0,3,4.0
43,User12,Compress,65.0,Small,0.0,3,-4.0
44,User12,Squeeze,10.0,Large,0.0,5,-4.0
45,User12,Compress,10.0,Large,0.0,5,-4.0
46,User12,Squeeze,10.0,Small,0.0,5,-4.0
47,User12,Compress,10.0,Small,0.0,5,-4.0
48,User12,Squeeze,12.0,Large,0.0,5,-4.0
49,User12,Compress,12.0,Large,0.0,5,-4.0
50,User12,Squeeze,12.0,Small,0.0,5,-4.0
51,User12,Compress,12.0,Small,0.0,5,-4.0
52,User12,Squeeze,14.0,Large,0.0,5,-4.0
53,User12,Compress,14.0,Large,0.0,2,-4.0
54,User12,Squeeze,14.0,Small,0.0,5,-4.0
55,User12,Compress,14.0,Small,0.0,5,-4.0
56,User12,Squeeze,16.0,Large,0.0,5,-4.0
57,User12,Compress,16.0,Large,0.0,4,-4.0
58,User12,Squeeze,16.0,Small,0.0,5,-4.0
59,User12,Compress,16.0,Small,0.0,3,-4.0
60,User12,Squeeze,18.0,Large,0.0,5,-4.0
61,User12,Compress,18.0,Large,0.0,4,-4.0
62,User12,Squeeze,18.0,Small,0.0,4,-4.0
63,User12,Compress,18.0,Small,0.0,3,-4.0
64,User12,Squeeze,20.0,Large,0.0,4,-4.0
65,User12,Compress,20.0,Large,0.0,5,-4.0
66,User12,Squeeze,20.0,Small,0.0,4,-4.0
67,User12,Compress,20.0,Small,0.0,3,-4.0
68,User12,Squeeze,22.0,Large,0.0,3,-4.0
69,User12,Compress,22.0,Large,0.0,5,-4.0
70,User12,Squeeze,22.0,Small,0.0,4,-4.0
71,User12,Compress,22.0,Small,0.0,4,-4.0
72,User12,Squeeze,24.0,Large,0.0,4,-4.0
73,User12,Compress,24.0,Large,0.0,4,-4.0
74,User12,Squeeze,24.0,Small,0.0,5,-4.0
75,User12,Compress,24.0,Small,0.0,5,-4.0
76,User12,Squeeze,1.0,Large,0.0,5,-4.0
77,User12,Compress,1.0,Large,0.0,5,-4.0
78,User12,Squeeze,1.0,Small,0.0,5,-4.0
79,User12,Compress,1.0,Small,0.0,5,-4.0
80,User12,Squeeze,6.0,Large,0.0,5,-4.0
81,User12,Compress,6.0,Large,0.0,5,-4.0
82,User12,Squeeze,6.0,Small,0.0,5,-4.0
83,User12,Compress,6.0,Small,0.0,5,-4.0
84,User12,Squeeze,70.0,Large,1.0,3,4.0
85,User12,Compress,70.0,Large,0.0,2,-4.0
86,User12,Squeeze,70.0,Small,1.0,2,4.0
87,User12,Compress,70.0,Small,1.0,4,4.0
88,User12,Squeeze,75.0,Large,1.0,2,4.0
89,User12,Compress,75.0,Large,1.0,2,4.0
90,User12,Squeeze,75.0,Small,0.0,3,-4.0
91,User12,Compress,75.0,Small,1.0,3,4.0
92,User12,Squeeze,25.0,Large,0.0,4,-4.0
93,User12,Compress,25.0,Large,0.0,4,-4.0
94,User12,Squeeze,25.0,Small,0.0,4,-4.0
95,User12,Compress,25.0,Small,0.0,3,-4.0
96,User12,Squeeze,30.0,Large,0.0,4,-4.0
97,User12,Compress,30.0,Large,0.0,4,-4.0
98,User12,Squeeze,30.0,Small,0.0,3,-4.0
99,User12,Compress,30.0,Small,0.0,3,-4.0
100,User12,Squeeze,35.0,Large,0.0,2,-4.0
101,User12,Compress,35.0,Large,0.0,4,-4.0
102,User12,Squeeze,35.0,Small,0.0,3,-4.0
103,User12,Compress,35.0,Small,0.0,4,-4.0
104,User12,Squeeze,40.0,Large,0.0,2,-4.0
105,User12,Compress,40.0,Large,0.0,3,-4.0
106,User12,Squeeze,40.0,Small,0.0,4,-4.0
107,User12,Compress,40.0,Small,0.0,3,-4.0
0,User11,Squeeze,45.0,Large,0.0,3,-4.0
1,User11,Compress,45.0,Large,1.0,4,4.0
2,User11,Squeeze,45.0,Small,1.0,3,4.0
3,User11,Compress,45.0,Small,1.0,3,4.0
4,User11,Squeeze,47.0,Large,1.0,4,4.0
5,User11,Compress,47.0,Large,1.0,3,4.0
6,User11,Squeeze,47.0,Small,0.0,2,-4.0
7,User11,Compress,47.0,Small,1.0,2,4.0
8,User11,Squeeze,49.0,Large,1.0,4,4.0
9,User11,Compress,49.0,Large,1.0,4,4.0
10,User11,Squeeze,49.0,Small,1.0,4,4.0
11,User11,Compress,49.0,Small,1.0,3,4.0
12,User11,Squeeze,51.0,Large,1.0,3,4.0
13,User11,Compress,51.0,Large,1.0,4,4.0
14,User11,Squeeze,51.0,Small,1.0,4,4.0
15,User11,Compress,51.0,Small,1.0,3,4.0
16,User11,Squeeze,53.0,Large,1.0,3,4.0
17,User11,Compress,53.0,Large,1.0,3,4.0
18,User11,Squeeze,53.0,Small,1.0,2,4.0
19,User11,Compress,53.0,Small,1.0,3,4.0
20,User11,Squeeze,55.0,Large,1.0,4,4.0
21,User11,Compress,55.0,Large,1.0,4,4.0
22,User11,Squeeze,55.0,Small,1.0,4,4.0
23,User11,Compress,55.0,Small,1.0,3,4.0
24,User11,Squeeze,57.0,Large,1.0,3,4.0
25,User11,Compress,57.0,Large,1.0,3,4.0
26,User11,Squeeze,57.0,Small,1.0,2,4.0
27,User11,Compress,57.0,Small,1.0,3,4.0
28,User11,Squeeze,59.0,Large,0.0,3,-4.0
29,User11,Compress,59.0,Large,1.0,4,4.0
30,User11,Squeeze,59.0,Small,0.0,2,-4.0
31,User11,Compress,59.0,Small,0.0,3,-4.0
32,User11,Squeeze,61.0,Large,1.0,4,4.0
33,User11,Compress,61.0,Large,1.0,3,4.0
34,User11,Squeeze,61.0,Small,0.0,2,-4.0
35,User11,Compress,61.0,Small,0.0,3,-4.0
36,User11,Squeeze,63.0,Large,1.0,4,4.0
37,User11,Compress,63.0,Large,1.0,4,4.0
38,User11,Squeeze,63.0,Small,1.0,4,4.0
39,User11,Compress,63.0,Small,1.0,4,4.0
40,User11,Squeeze,65.0,Large,1.0,3,4.0
41,User11,Compress,65.0,Large,1.0,4,4.0
42,User11,Squeeze,65.0,Small,0.0,2,-4.0
43,User11,Compress,65.0,Small,1.0,4,4.0
44,User11,Squeeze,10.0,Large,0.0,5,-4.0
45,User11,Compress,10.0,Large,0.0,2,-4.0
46,User11,Squeeze,10.0,Small,0.0,3,-4.0
47,User11,Compress,10.0,Small,0.0,3,-4.0
48,User11,Squeeze,12.0,Large,0.0,4,-4.0
49,User11,Compress,12.0,Large,1.0,3,4.0
50,User11,Squeeze,12.0,Small,0.0,3,-4.0
51,User11,Compress,12.0,Small,0.0,4,-4.0
52,User11,Squeeze,14.0,Large,0.0,4,-4.0
53,User11,Compress,14.0,Large,0.0,3,-4.0
54,User11,Squeeze,14.0,Small,0.0,3,-4.0
55,User11,Compress,14.0,Small,0.0,4,-4.0
56,User11,Squeeze,16.0,Large,0.0,3,-4.0
57,User11,Compress,16.0,Large,0.0,4,-4.0
58,User11,Squeeze,16.0,Small,0.0,1,-4.0
59,User11,Compress,16.0,Small,0.0,2,-4.0
60,User11,Squeeze,18.0,Large,0.0,4,-4.0
61,User11,Compress,18.0,Large,1.0,2,4.0
62,User11,Squeeze,18.0,Small,1.0,3,4.0
63,User11,Compress,18.0,Small,0.0,4,-4.0
64,User11,Squeeze,20.0,Large,0.0,3,-4.0
65,User11,Compress,20.0,Large,1.0,3,4.0
66,User11,Squeeze,20.0,Small,1.0,4,4.0
67,User11,Compress,20.0,Small,1.0,4,4.0
68,User11,Squeeze,22.0,Large,0.0,3,-4.0
69,User11,Compress,22.0,Large,0.0,3,-4.0
70,User11,Squeeze,22.0,Small,1.0,3,4.0
71,User11,Compress,22.0,Small,0.0,4,-4.0
72,User11,Squeeze,24.0,Large,0.0,4,-4.0
73,User11,Compress,24.0,Large,1.0,2,4.0
74,User11,Squeeze,24.0,Small,1.0,3,4.0
75,User11,Compress,24.0,Small,1.0,4,4.0
76,User11,Squeeze,1.0,Large,0.0,5,-4.0
77,User11,Compress,1.0,Large,0.0,5,-4.0
78,User11,Squeeze,1.0,Small,0.0,4,-4.0
79,User11,Compress,1.0,Small,0.0,5,-4.0
80,User11,Squeeze,6.0,Large,0.0,4,-4.0
81,User11,Compress,6.0,Large,0.0,5,-4.0
82,User11,Squeeze,6.0,Small,0.0,4,-4.0
83,User11,Compress,6.0,Small,0.0,5,-4.0
84,User11,Squeeze,70.0,Large,0.0,4,-4.0
85,User11,Compress,70.0,Large,1.0,4,4.0
86,User11,Squeeze,70.0,Small,1.0,4,4.0
87,User11,Compress,70.0,Small,1.0,4,4.0
88,User11,Squeeze,75.0,Large,1.0,4,4.0
89,User11,Compress,75.0,Large,1.0,3,4.0
90,User11,Squeeze,75.0,Small,0.0,4,-4.0
91,User11,Compress,75.0,Small,1.0,4,4.0
92,User11,Squeeze,25.0,Large,0.0,2,-4.0
93,User11,Compress,25.0,Large,1.0,3,4.0
94,User11,Squeeze,25.0,Small,1.0,4,4.0
95,User11,Compress,25.0,Small,0.0,2,-4.0
96,User11,Squeeze,30.0,Large,0.0,2,-4.0
97,User11,Compress,30.0,Large,1.0,2,4.0
98,User11,Squeeze,30.0,Small,1.0,4,4.0
99,User11,Compress,30.0,Small,1.0,4,4.0
100,User11,Squeeze,35.0,Large,1.0,3,4.0
101,User11,Compress,35.0,Large,0.0,3,-4.0
102,User11,Squeeze,35.0,Small,0.0,2,-4.0
103,User11,Compress,35.0,Small,1.0,4,4.0
104,User11,Squeeze,40.0,Large,1.0,3,4.0
105,User11,Compress,40.0,Large,1.0,4,4.0
106,User11,Squeeze,40.0,Small,1.0,3,4.0
107,User11,Compress,40.0,Small,1.0,4,4.0
0,User10,Squeeze,45.0,Large,1.0,5,4.0
1,User10,Compress,45.0,Large,1.0,5,4.0
2,User10,Squeeze,45.0,Small,1.0,4,4.0
3,User10,Compress,45.0,Small,0.0,4,-4.0
4,User10,Squeeze,47.0,Large,1.0,4,4.0
5,User10,Compress,47.0,Large,1.0,5,4.0
6,User10,Squeeze,47.0,Small,1.0,3,4.0
7,User10,Compress,47.0,Small,1.0,3,4.0
8,User10,Squeeze,49.0,Large,1.0,4,4.0
9,User10,Compress,49.0,Large,1.0,4,4.0
10,User10,Squeeze,49.0,Small,1.0,5,4.0
11,User10,Compress,49.0,Small,1.0,3,4.0
12,User10,Squeeze,51.0,Large,1.0,4,4.0
13,User10,Compress,51.0,Large,1.0,4,4.0
14,User10,Squeeze,51.0,Small,1.0,5,4.0
15,User10,Compress,51.0,Small,0.0,4,-4.0
16,User10,Squeeze,53.0,Large,1.0,2,4.0
17,User10,Compress,53.0,Large,1.0,4,4.0
18,User10,Squeeze,53.0,Small,1.0,4,4.0
19,User10,Compress,53.0,Small,1.0,4,4.0
20,User10,Squeeze,55.0,Large,1.0,3,4.0
21,User10,Compress,55.0,Large,1.0,4,4.0
22,User10,Squeeze,55.0,Small,1.0,3,4.0
23,User10,Compress,55.0,Small,1.0,2,4.0
24,User10,Squeeze,57.0,Large,1.0,4,4.0
25,User10,Compress,57.0,Large,1.0,5,4.0
26,User10,Squeeze,57.0,Small,1.0,2,4.0
27,User10,Compress,57.0,Small,1.0,4,4.0
28,User10,Squeeze,59.0,Large,1.0,3,4.0
29,User10,Compress,59.0,Large,1.0,2,4.0
30,User10,Squeeze,59.0,Small,1.0,3,4.0
31,User10,Compress,59.0,Small,1.0,4,4.0
32,User10,Squeeze,61.0,Large,1.0,2,4.0
33,User10,Compress,61.0,Large,1.0,5,4.0
34,User10,Squeeze,61.0,Small,1.0,4,4.0
35,User10,Compress,61.0,Small,1.0,5,4.0
36,User10,Squeeze,63.0,Large,1.0,2,4.0
37,User10,Compress,63.0,Large,1.0,2,4.0
38,User10,Squeeze,63.0,Small,1.0,5,4.0
39,User10,Compress,63.0,Small,1.0,4,4.0
40,User10,Squeeze,65.0,Large,1.0,3,4.0
41,User10,Compress,65.0,Large,1.0,4,4.0
42,User10,Squeeze,65.0,Small,1.0,4,4.0
43,User10,Compress,65.0,Small,1.0,3,4.0
44,User10,Squeeze,10.0,Large,1.0,5,4.0
45,User10,Compress,10.0,Large,1.0,4,4.0
46,User10,Squeeze,10.0,Small,1.0,4,4.0
47,User10,Compress,10.0,Small,1.0,5,4.0
48,User10,Squeeze,12.0,Large,1.0,5,4.0
49,User10,Compress,12.0,Large,1.0,5,4.0
50,User10,Squeeze,12.0,Small,1.0,4,4.0
51,User10,Compress,12.0,Small,1.0,5,4.0
52,User10,Squeeze,14.0,Large,1.0,5,4.0
53,User10,Compress,14.0,Large,1.0,5,4.0
54,User10,Squeeze,14.0,Small,1.0,4,4.0
55,User10,Compress,14.0,Small,1.0,5,4.0
56,User10,Squeeze,16.0,Large,1.0,3,4.0
57,User10,Compress,16.0,Large,1.0,5,4.0
58,User10,Squeeze,16.0,Small,1.0,4,4.0
59,User10,Compress,16.0,Small,1.0,4,4.0
60,User10,Squeeze,18.0,Large,1.0,4,4.0
61,User10,Compress,18.0,Large,1.0,5,4.0
62,User10,Squeeze,18.0,Small,1.0,4,4.0
63,User10,Compress,18.0,Small,1.0,2,4.0
64,User10,Squeeze,20.0,Large,1.0,3,4.0
65,User10,Compress,20.0,Large,1.0,3,4.0
66,User10,Squeeze,20.0,Small,1.0,5,4.0
67,User10,Compress,20.0,Small,1.0,2,4.0
68,User10,Squeeze,22.0,Large,1.0,5,4.0
69,User10,Compress,22.0,Large,1.0,4,4.0
70,User10,Squeeze,22.0,Small,1.0,4,4.0
71,User10,Compress,22.0,Small,1.0,2,4.0
72,User10,Squeeze,24.0,Large,1.0,4,4.0
73,User10,Compress,24.0,Large,0.0,4,-4.0
74,User10,Squeeze,24.0,Small,1.0,5,4.0
75,User10,Compress,24.0,Small,1.0,4,4.0
76,User10,Squeeze,1.0,Large,1.0,3,4.0
77,User10,Compress,1.0,Large,1.0,4,4.0
78,User10,Squeeze,1.0,Small,1.0,3,4.0
79,User10,Compress,1.0,Small,1.0,4,4.0
80,User10,Squeeze,6.0,Large,1.0,5,4.0
81,User10,Compress,6.0,Large,1.0,5,4.0
82,User10,Squeeze,6.0,Small,1.0,4,4.0
83,User10,Compress,6.0,Small,1.0,5,4.0
84,User10,Squeeze,70.0,Large,1.0,5,4.0
85,User10,Compress,70.0,Large,1.0,4,4.0
86,User10,Squeeze,70.0,Small,1.0,4,4.0
87,User10,Compress,70.0,Small,1.0,4,4.0
88,User10,Squeeze,75.0,Large,1.0,4,4.0
89,User10,Compress,75.0,Large,1.0,5,4.0
90,User10,Squeeze,75.0,Small,1.0,4,4.0
91,User10,Compress,75.0,Small,1.0,4,4.0
92,User10,Squeeze,25.0,Large,1.0,5,4.0
93,User10,Compress,25.0,Large,1.0,3,4.0
94,User10,Squeeze,25.0,Small,1.0,4,4.0
95,User10,Compress,25.0,Small,1.0,5,4.0
96,User10,Squeeze,30.0,Large,1.0,4,4.0
97,User10,Compress,30.0,Large,1.0,5,4.0
98,User10,Squeeze,30.0,Small,1.0,4,4.0
99,User10,Compress,30.0,Small,1.0,3,4.0
100,User10,Squeeze,35.0,Large,1.0,4,4.0
101,User10,Compress,35.0,Large,1.0,3,4.0
102,User10,Squeeze,35.0,Small,1.0,4,4.0
103,User10,Compress,35.0,Small,1.0,3,4.0
104,User10,Squeeze,40.0,Large,1.0,2,4.0
105,User10,Compress,40.0,Large,1.0,5,4.0
106,User10,Squeeze,40.0,Small,1.0,4,4.0
107,User10,Compress,40.0,Small,1.0,3,4.0
0,User9,Squeeze,45.0,Large,0.0,3,-4.0
1,User9,Compress,45.0,Large,1.0,4,4.0
2,User9,Squeeze,45.0,Small,1.0,5,4.0
3,User9,Compress,45.0,Small,1.0,4,4.0
4,User9,Squeeze,47.0,Large,1.0,3,4.0
5,User9,Compress,47.0,Large,1.0,5,4.0
6,User9,Squeeze,47.0,Small,1.0,2,4.0
7,User9,Compress,47.0,Small,1.0,4,4.0
8,User9,Squeeze,49.0,Large,1.0,3,4.0
9,User9,Compress,49.0,Large,1.0,4,4.0
10,User9,Squeeze,49.0,Small,1.0,3,4.0
11,User9,Compress,49.0,Small,1.0,3,4.0
12,User9,Squeeze,51.0,Large,1.0,3,4.0
13,User9,Compress,51.0,Large,1.0,4,4.0
14,User9,Squeeze,51.0,Small,1.0,3,4.0
15,User9,Compress,51.0,Small,1.0,4,4.0
16,User9,Squeeze,53.0,Large,1.0,4,4.0
17,User9,Compress,53.0,Large,1.0,5,4.0
18,User9,Squeeze,53.0,Small,0.0,2,-4.0
19,User9,Compress,53.0,Small,1.0,4,4.0
20,User9,Squeeze,55.0,Large,1.0,4,4.0
21,User9,Compress,55.0,Large,1.0,5,4.0
22,User9,Squeeze,55.0,Small,1.0,3,4.0
23,User9,Compress,55.0,Small,1.0,5,4.0
24,User9,Squeeze,57.0,Large,1.0,4,4.0
25,User9,Compress,57.0,Large,1.0,4,4.0
26,User9,Squeeze,57.0,Small,1.0,4,4.0
27,User9,Compress,57.0,Small,1.0,4,4.0
28,User9,Squeeze,59.0,Large,0.0,2,-4.0
29,User9,Compress,59.0,Large,1.0,4,4.0
30,User9,Squeeze,59.0,Small,1.0,4,4.0
31,User9,Compress,59.0,Small,1.0,2,4.0
32,User9,Squeeze,61.0,Large,1.0,3,4.0
33,User9,Compress,61.0,Large,1.0,3,4.0
34,User9,Squeeze,61.0,Small,1.0,3,4.0
35,User9,Compress,61.0,Small,1.0,4,4.0
36,User9,Squeeze,63.0,Large,1.0,2,4.0
37,User9,Compress,63.0,Large,1.0,4,4.0
38,User9,Squeeze,63.0,Small,0.0,2,-4.0
39,User9,Compress,63.0,Small,1.0,4,4.0
40,User9,Squeeze,65.0,Large,1.0,3,4.0
41,User9,Compress,65.0,Large,1.0,4,4.0
42,User9,Squeeze,65.0,Small,1.0,3,4.0
43,User9,Compress,65.0,Small,1.0,4,4.0
44,User9,Squeeze,10.0,Large,1.0,4,4.0
45,User9,Compress,10.0,Large,1.0,5,4.0
46,User9,Squeeze,10.0,Small,1.0,4,4.0
47,User9,Compress,10.0,Small,1.0,5,4.0
48,User9,Squeeze,12.0,Large,1.0,5,4.0
49,User9,Compress,12.0,Large,1.0,4,4.0
50,User9,Squeeze,12.0,Small,1.0,4,4.0
51,User9,Compress,12.0,Small,1.0,4,4.0
52,User9,Squeeze,14.0,Large,1.0,5,4.0
53,User9,Compress,14.0,Large,1.0,5,4.0
54,User9,Squeeze,14.0,Small,1.0,5,4.0
55,User9,Compress,14.0,Small,1.0,5,4.0
56,User9,Squeeze,16.0,Large,1.0,5,4.0
57,User9,Compress,16.0,Large,1.0,4,4.0
58,User9,Squeeze,16.0,Small,1.0,4,4.0
59,User9,Compress,16.0,Small,1.0,3,4.0
60,User9,Squeeze,18.0,Large,1.0,5,4.0
61,User9,Compress,18.0,Large,1.0,5,4.0
62,User9,Squeeze,18.0,Small,1.0,4,4.0
63,User9,Compress,18.0,Small,1.0,4,4.0
64,User9,Squeeze,20.0,Large,1.0,5,4.0
65,User9,Compress,20.0,Large,1.0,5,4.0
66,User9,Squeeze,20.0,Small,1.0,4,4.0
67,User9,Compress,20.0,Small,1.0,3,4.0
68,User9,Squeeze,22.0,Large,1.0,5,4.0
69,User9,Compress,22.0,Large,1.0,4,4.0
70,User9,Squeeze,22.0,Small,1.0,4,4.0
71,User9,Compress,22.0,Small,1.0,4,4.0
72,User9,Squeeze,24.0,Large,1.0,4,4.0
73,User9,Compress,24.0,Large,1.0,3,4.0
74,User9,Squeeze,24.0,Small,1.0,4,4.0
75,User9,Compress,24.0,Small,1.0,4,4.0
76,User9,Squeeze,1.0,Large,0.0,4,-4.0
77,User9,Compress,1.0,Large,0.0,5,-4.0
78,User9,Squeeze,1.0,Small,0.0,4,-4.0
79,User9,Compress,1.0,Small,0.0,4,-4.0
80,User9,Squeeze,6.0,Large,1.0,4,4.0
81,User9,Compress,6.0,Large,1.0,4,4.0
82,User9,Squeeze,6.0,Small,1.0,4,4.0
83,User9,Compress,6.0,Small,1.0,5,4.0
84,User9,Squeeze,70.0,Large,1.0,2,4.0
85,User9,Compress,70.0,Large,1.0,4,4.0
86,User9,Squeeze,70.0,Small,1.0,4,4.0
87,User9,Compress,70.0,Small,1.0,4,4.0
88,User9,Squeeze,75.0,Large,1.0,3,4.0
89,User9,Compress,75.0,Large,1.0,4,4.0
90,User9,Squeeze,75.0,Small,0.0,4,-4.0
91,User9,Compress,75.0,Small,1.0,5,4.0
92,User9,Squeeze,25.0,Large,1.0,5,4.0
93,User9,Compress,25.0,Large,1.0,5,4.0
94,User9,Squeeze,25.0,Small,1.0,4,4.0
95,User9,Compress,25.0,Small,1.0,3,4.0
96,User9,Squeeze,30.0,Large,1.0,4,4.0
97,User9,Compress,30.0,Large,1.0,5,4.0
98,User9,Squeeze,30.0,Small,1.0,4,4.0
99,User9,Compress,30.0,Small,1.0,4,4.0
100,User9,Squeeze,35.0,Large,1.0,4,4.0
101,User9,Compress,35.0,Large,1.0,4,4.0
102,User9,Squeeze,35.0,Small,1.0,4,4.0
103,User9,Compress,35.0,Small,1.0,3,4.0
104,User9,Squeeze,40.0,Large,1.0,5,4.0
105,User9,Compress,40.0,Large,1.0,4,4.0
106,User9,Squeeze,40.0,Small,1.0,4,4.0
107,User9,Compress,40.0,Small,1.0,4,4.0
0,User8,Squeeze,45.0,Large,0.0,5,-4.0
1,User8,Compress,45.0,Large,1.0,5,4.0
2,User8,Squeeze,45.0,Small,0.0,1,-4.0
3,User8,Compress,45.0,Small,1.0,3,4.0
4,User8,Squeeze,47.0,Large,0.0,4,-4.0
5,User8,Compress,47.0,Large,0.0,5,-4.0
6,User8,Squeeze,47.0,Small,0.0,5,-4.0
7,User8,Compress,47.0,Small,0.0,5,-4.0
8,User8,Squeeze,49.0,Large,0.0,5,-4.0
9,User8,Compress,49.0,Large,0.0,5,-4.0
10,User8,Squeeze,49.0,Small,0.0,5,-4.0
11,User8,Compress,49.0,Small,0.0,5,-4.0
12,User8,Squeeze,51.0,Large,0.0,5,-4.0
13,User8,Compress,51.0,Large,0.0,5,-4.0
14,User8,Squeeze,51.0,Small,0.0,5,-4.0
15,User8,Compress,51.0,Small,0.0,5,-4.0
16,User8,Squeeze,53.0,Large,0.0,5,-4.0
17,User8,Compress,53.0,Large,1.0,5,4.0
18,User8,Squeeze,53.0,Small,0.0,5,-4.0
19,User8,Compress,53.0,Small,0.0,5,-4.0
20,User8,Squeeze,55.0,Large,0.0,5,-4.0
21,User8,Compress,55.0,Large,0.0,5,-4.0
22,User8,Squeeze,55.0,Small,0.0,5,-4.0
23,User8,Compress,55.0,Small,0.0,5,-4.0
24,User8,Squeeze,57.0,Large,0.0,5,-4.0
25,User8,Compress,57.0,Large,0.0,5,-4.0
26,User8,Squeeze,57.0,Small,0.0,5,-4.0
27,User8,Compress,57.0,Small,0.0,5,-4.0
28,User8,Squeeze,59.0,Large,0.0,3,-4.0
29,User8,Compress,59.0,Large,1.0,5,4.0
30,User8,Squeeze,59.0,Small,0.0,5,-4.0
31,User8,Compress,59.0,Small,0.0,5,-4.0
32,User8,Squeeze,61.0,Large,0.0,5,-4.0
33,User8,Compress,61.0,Large,0.0,5,-4.0
34,User8,Squeeze,61.0,Small,0.0,5,-4.0
35,User8,Compress,61.0,Small,0.0,3,-4.0
36,User8,Squeeze,63.0,Large,0.0,5,-4.0
37,User8,Compress,63.0,Large,1.0,5,4.0
38,User8,Squeeze,63.0,Small,0.0,5,-4.0
39,User8,Compress,63.0,Small,0.0,5,-4.0
40,User8,Squeeze,65.0,Large,0.0,5,-4.0
41,User8,Compress,65.0,Large,0.0,2,-4.0
42,User8,Squeeze,65.0,Small,0.0,5,-4.0
43,User8,Compress,65.0,Small,0.0,5,-4.0
44,User8,Squeeze,10.0,Large,1.0,5,4.0
45,User8,Compress,10.0,Large,1.0,5,4.0
46,User8,Squeeze,10.0,Small,1.0,5,4.0
47,User8,Compress,10.0,Small,1.0,5,4.0
48,User8,Squeeze,12.0,Large,1.0,5,4.0
49,User8,Compress,12.0,Large,1.0,5,4.0
50,User8,Squeeze,12.0,Small,1.0,5,4.0
51,User8,Compress,12.0,Small,1.0,5,4.0
52,User8,Squeeze,14.0,Large,1.0,5,4.0
53,User8,Compress,14.0,Large,1.0,5,4.0
54,User8,Squeeze,14.0,Small,1.0,4,4.0
55,User8,Compress,14.0,Small,1.0,5,4.0
56,User8,Squeeze,16.0,Large,1.0,5,4.0
57,User8,Compress,16.0,Large,1.0,5,4.0
58,User8,Squeeze,16.0,Small,1.0,5,4.0
59,User8,Compress,16.0,Small,0.0,5,-4.0
60,User8,Squeeze,18.0,Large,1.0,5,4.0
61,User8,Compress,18.0,Large,1.0,5,4.0
62,User8,Squeeze,18.0,Small,1.0,5,4.0
63,User8,Compress,18.0,Small,1.0,5,4.0
64,User8,Squeeze,20.0,Large,1.0,5,4.0
65,User8,Compress,20.0,Large,1.0,5,4.0
66,User8,Squeeze,20.0,Small,1.0,5,4.0
67,User8,Compress,20.0,Small,1.0,5,4.0
68,User8,Squeeze,22.0,Large,1.0,4,4.0
69,User8,Compress,22.0,Large,0.0,2,-4.0
70,User8,Squeeze,22.0,Small,0.0,5,-4.0
71,User8,Compress,22.0,Small,1.0,5,4.0
72,User8,Squeeze,24.0,Large,0.0,5,-4.0
73,User8,Compress,24.0,Large,0.0,5,-4.0
74,User8,Squeeze,24.0,Small,1.0,5,4.0
75,User8,Compress,24.0,Small,0.0,5,-4.0
76,User8,Squeeze,1.0,Large,0.0,5,-4.0
77,User8,Compress,1.0,Large,0.0,5,-4.0
78,User8,Squeeze,1.0,Small,0.0,5,-4.0
79,User8,Compress,1.0,Small,0.0,5,-4.0
80,User8,Squeeze,6.0,Large,1.0,5,4.0
81,User8,Compress,6.0,Large,1.0,5,4.0
82,User8,Squeeze,6.0,Small,1.0,5,4.0
83,User8,Compress,6.0,Small,1.0,5,4.0
84,User8,Squeeze,70.0,Large,0.0,5,-4.0
85,User8,Compress,70.0,Large,0.0,2,-4.0
86,User8,Squeeze,70.0,Small,0.0,5,-4.0
87,User8,Compress,70.0,Small,0.0,5,-4.0
88,User8,Squeeze,75.0,Large,0.0,5,-4.0
89,User8,Compress,75.0,Large,0.0,1,-4.0
90,User8,Squeeze,75.0,Small,0.0,5,-4.0
91,User8,Compress,75.0,Small,0.0,5,-4.0
92,User8,Squeeze,25.0,Large,0.0,5,-4.0
93,User8,Compress,25.0,Large,1.0,5,4.0
94,User8,Squeeze,25.0,Small,0.0,4,-4.0
95,User8,Compress,25.0,Small,1.0,5,4.0
96,User8,Squeeze,30.0,Large,1.0,5,4.0
97,User8,Compress,30.0,Large,0.0,4,-4.0
98,User8,Squeeze,30.0,Small,0.0,5,-4.0
99,User8,Compress,30.0,Small,1.0,5,4.0
100,User8,Squeeze,35.0,Large,0.0,5,-4.0
101,User8,Compress,35.0,Large,0.0,2,-4.0
102,User8,Squeeze,35.0,Small,0.0,2,-4.0
103,User8,Compress,35.0,Small,0.0,4,-4.0
104,User8,Squeeze,40.0,Large,0.0,5,-4.0
105,User8,Compress,40.0,Large,0.0,4,-4.0
106,User8,Squeeze,40.0,Small,0.0,5,-4.0
107,User8,Compress,40.0,Small,0.0,5,-4.0
0,User7,Squeeze,45.0,Large,1.0,4,4.0
1,User7,Compress,45.0,Large,1.0,2,4.0
2,User7,Squeeze,45.0,Small,1.0,4,4.0
3,User7,Compress,45.0,Small,1.0,4,4.0
4,User7,Squeeze,47.0,Large,1.0,2,4.0
5,User7,Compress,47.0,Large,1.0,3,4.0
6,User7,Squeeze,47.0,Small,1.0,3,4.0
7,User7,Compress,47.0,Small,1.0,2,4.0
8,User7,Squeeze,49.0,Large,1.0,3,4.0
9,User7,Compress,49.0,Large,1.0,3,4.0
10,User7,Squeeze,49.0,Small,1.0,4,4.0
11,User7,Compress,49.0,Small,1.0,4,4.0
12,User7,Squeeze,51.0,Large,1.0,3,4.0
13,User7,Compress,51.0,Large,1.0,4,4.0
14,User7,Squeeze,51.0,Small,1.0,4,4.0
15,User7,Compress,51.0,Small,1.0,4,4.0
16,User7,Squeeze,53.0,Large,1.0,2,4.0
17,User7,Compress,53.0,Large,1.0,2,4.0
18,User7,Squeeze,53.0,Small,1.0,2,4.0
19,User7,Compress,53.0,Small,1.0,5,4.0
20,User7,Squeeze,55.0,Large,1.0,4,4.0
21,User7,Compress,55.0,Large,1.0,4,4.0
22,User7,Squeeze,55.0,Small,1.0,3,4.0
23,User7,Compress,55.0,Small,1.0,4,4.0
24,User7,Squeeze,57.0,Large,1.0,4,4.0
25,User7,Compress,57.0,Large,1.0,3,4.0
26,User7,Squeeze,57.0,Small,1.0,5,4.0
27,User7,Compress,57.0,Small,1.0,4,4.0
28,User7,Squeeze,59.0,Large,1.0,2,4.0
29,User7,Compress,59.0,Large,1.0,4,4.0
30,User7,Squeeze,59.0,Small,1.0,2,4.0
31,User7,Compress,59.0,Small,1.0,3,4.0
32,User7,Squeeze,61.0,Large,1.0,3,4.0
33,User7,Compress,61.0,Large,1.0,4,4.0
34,User7,Squeeze,61.0,Small,1.0,4,4.0
35,User7,Compress,61.0,Small,1.0,4,4.0
36,User7,Squeeze,63.0,Large,1.0,4,4.0
37,User7,Compress,63.0,Large,1.0,4,4.0
38,User7,Squeeze,63.0,Small,1.0,2,4.0
39,User7,Compress,63.0,Small,1.0,3,4.0
40,User7,Squeeze,65.0,Large,1.0,2,4.0
41,User7,Compress,65.0,Large,1.0,4,4.0
42,User7,Squeeze,65.0,Small,1.0,4,4.0
43,User7,Compress,65.0,Small,1.0,5,4.0
44,User7,Squeeze,10.0,Large,1.0,3,4.0
45,User7,Compress,10.0,Large,0.0,3,-4.0
46,User7,Squeeze,10.0,Small,1.0,2,4.0
47,User7,Compress,10.0,Small,0.0,2,-4.0
48,User7,Squeeze,12.0,Large,0.0,3,-4.0
49,User7,Compress,12.0,Large,1.0,4,4.0
50,User7,Squeeze,12.0,Small,1.0,2,4.0
51,User7,Compress,12.0,Small,0.0,3,-4.0
52,User7,Squeeze,14.0,Large,1.0,4,4.0
53,User7,Compress,14.0,Large,0.0,4,-4.0
54,User7,Squeeze,14.0,Small,1.0,4,4.0
55,User7,Compress,14.0,Small,0.0,3,-4.0
56,User7,Squeeze,16.0,Large,0.0,4,-4.0
57,User7,Compress,16.0,Large,0.0,3,-4.0
58,User7,Squeeze,16.0,Small,1.0,2,4.0
59,User7,Compress,16.0,Small,0.0,1,-4.0
60,User7,Squeeze,18.0,Large,0.0,3,-4.0
61,User7,Compress,18.0,Large,0.0,3,-4.0
62,User7,Squeeze,18.0,Small,1.0,4,4.0
63,User7,Compress,18.0,Small,0.0,2,-4.0
64,User7,Squeeze,20.0,Large,0.0,3,-4.0
65,User7,Compress,20.0,Large,0.0,2,-4.0
66,User7,Squeeze,20.0,Small,1.0,2,4.0
67,User7,Compress,20.0,Small,0.0,3,-4.0
68,User7,Squeeze,22.0,Large,0.0,2,-4.0
69,User7,Compress,22.0,Large,0.0,2,-4.0
70,User7,Squeeze,22.0,Small,1.0,1,4.0
71,User7,Compress,22.0,Small,0.0,2,-4.0
72,User7,Squeeze,24.0,Large,1.0,2,4.0
73,User7,Compress,24.0,Large,1.0,4,4.0
74,User7,Squeeze,24.0,Small,1.0,2,4.0
75,User7,Compress,24.0,Small,1.0,4,4.0
76,User7,Squeeze,1.0,Large,0.0,5,-4.0
77,User7,Compress,1.0,Large,0.0,5,-4.0
78,User7,Squeeze,1.0,Small,0.0,5,-4.0
79,User7,Compress,1.0,Small,0.0,4,-4.0
80,User7,Squeeze,6.0,Large,0.0,4,-4.0
81,User7,Compress,6.0,Large,0.0,4,-4.0
82,User7,Squeeze,6.0,Small,0.0,4,-4.0
83,User7,Compress,6.0,Small,0.0,3,-4.0
84,User7,Squeeze,70.0,Large,1.0,2,4.0
85,User7,Compress,70.0,Large,1.0,4,4.0
86,User7,Squeeze,70.0,Small,1.0,4,4.0
87,User7,Compress,70.0,Small,1.0,4,4.0
88,User7,Squeeze,75.0,Large,1.0,2,4.0
89,User7,Compress,75.0,Large,1.0,4,4.0
90,User7,Squeeze,75.0,Small,1.0,1,4.0
91,User7,Compress,75.0,Small,0.0,4,-4.0
92,User7,Squeeze,25.0,Large,0.0,2,-4.0
93,User7,Compress,25.0,Large,1.0,2,4.0
94,User7,Squeeze,25.0,Small,1.0,1,4.0
95,User7,Compress,25.0,Small,1.0,1,4.0
96,User7,Squeeze,30.0,Large,1.0,1,4.0
97,User7,Compress,30.0,Large,1.0,2,4.0
98,User7,Squeeze,30.0,Small,1.0,2,4.0
99,User7,Compress,30.0,Small,0.0,2,-4.0
100,User7,Squeeze,35.0,Large,1.0,2,4.0
101,User7,Compress,35.0,Large,0.0,2,-4.0
102,User7,Squeeze,35.0,Small,1.0,3,4.0
103,User7,Compress,35.0,Small,0.0,1,-4.0
104,User7,Squeeze,40.0,Large,0.0,2,-4.0
105,User7,Compress,40.0,Large,1.0,1,4.0
106,User7,Squeeze,40.0,Small,1.0,4,4.0
107,User7,Compress,40.0,Small,1.0,4,4.0
0,User6,Squeeze,45.0,Large,1.0,4,4.0
1,User6,Compress,45.0,Large,1.0,4,4.0
2,User6,Squeeze,45.0,Small,1.0,3,4.0
3,User6,Compress,45.0,Small,0.0,3,-4.0
4,User6,Squeeze,47.0,Large,0.0,3,-4.0
5,User6,Compress,47.0,Large,0.0,3,-4.0
6,User6,Squeeze,47.0,Small,0.0,2,-4.0
7,User6,Compress,47.0,Small,0.0,3,-4.0
8,User6,Squeeze,49.0,Large,1.0,4,4.0
9,User6,Compress,49.0,Large,1.0,4,4.0
10,User6,Squeeze,49.0,Small,1.0,2,4.0
11,User6,Compress,49.0,Small,0.0,3,-4.0
12,User6,Squeeze,51.0,Large,0.0,3,-4.0
13,User6,Compress,51.0,Large,1.0,4,4.0
14,User6,Squeeze,51.0,Small,0.0,3,-4.0
15,User6,Compress,51.0,Small,0.0,3,-4.0
16,User6,Squeeze,53.0,Large,0.0,2,-4.0
17,User6,Compress,53.0,Large,1.0,4,4.0
18,User6,Squeeze,53.0,Small,0.0,3,-4.0
19,User6,Compress,53.0,Small,0.0,3,-4.0
20,User6,Squeeze,55.0,Large,0.0,2,-4.0
21,User6,Compress,55.0,Large,1.0,2,4.0
22,User6,Squeeze,55.0,Small,1.0,2,4.0
23,User6,Compress,55.0,Small,0.0,2,-4.0
24,User6,Squeeze,57.0,Large,0.0,2,-4.0
25,User6,Compress,57.0,Large,1.0,2,4.0
26,User6,Squeeze,57.0,Small,1.0,2,4.0
27,User6,Compress,57.0,Small,1.0,3,4.0
28,User6,Squeeze,59.0,Large,1.0,2,4.0
29,User6,Compress,59.0,Large,1.0,3,4.0
30,User6,Squeeze,59.0,Small,0.0,3,-4.0
31,User6,Compress,59.0,Small,1.0,3,4.0
32,User6,Squeeze,61.0,Large,0.0,2,-4.0
33,User6,Compress,61.0,Large,1.0,4,4.0
34,User6,Squeeze,61.0,Small,0.0,3,-4.0
35,User6,Compress,61.0,Small,0.0,3,-4.0
36,User6,Squeeze,63.0,Large,1.0,3,4.0
37,User6,Compress,63.0,Large,1.0,2,4.0
38,User6,Squeeze,63.0,Small,0.0,3,-4.0
39,User6,Compress,63.0,Small,0.0,3,-4.0
40,User6,Squeeze,65.0,Large,0.0,3,-4.0
41,User6,Compress,65.0,Large,1.0,2,4.0
42,User6,Squeeze,65.0,Small,0.0,3,-4.0
43,User6,Compress,65.0,Small,0.0,4,-4.0
44,User6,Squeeze,10.0,Large,1.0,2,4.0
45,User6,Compress,10.0,Large,0.0,3,-4.0
46,User6,Squeeze,10.0,Small,1.0,3,4.0
47,User6,Compress,10.0,Small,0.0,3,-4.0
48,User6,Squeeze,12.0,Large,0.0,4,-4.0
49,User6,Compress,12.0,Large,1.0,3,4.0
50,User6,Squeeze,12.0,Small,1.0,4,4.0
51,User6,Compress,12.0,Small,0.0,2,-4.0
52,User6,Squeeze,14.0,Large,1.0,2,4.0
53,User6,Compress,14.0,Large,0.0,3,-4.0
54,User6,Squeeze,14.0,Small,1.0,3,4.0
55,User6,Compress,14.0,Small,0.0,3,-4.0
56,User6,Squeeze,16.0,Large,1.0,4,4.0
57,User6,Compress,16.0,Large,0.0,3,-4.0
58,User6,Squeeze,16.0,Small,1.0,3,4.0
59,User6,Compress,16.0,Small,0.0,3,-4.0
60,User6,Squeeze,18.0,Large,1.0,3,4.0
61,User6,Compress,18.0,Large,0.0,2,-4.0
62,User6,Squeeze,18.0,Small,0.0,3,-4.0
63,User6,Compress,18.0,Small,0.0,2,-4.0
64,User6,Squeeze,20.0,Large,0.0,2,-4.0
65,User6,Compress,20.0,Large,1.0,2,4.0
66,User6,Squeeze,20.0,Small,0.0,2,-4.0
67,User6,Compress,20.0,Small,0.0,3,-4.0
68,User6,Squeeze,22.0,Large,0.0,2,-4.0
69,User6,Compress,22.0,Large,1.0,4,4.0
70,User6,Squeeze,22.0,Small,0.0,3,-4.0
71,User6,Compress,22.0,Small,1.0,2,4.0
72,User6,Squeeze,24.0,Large,1.0,3,4.0
73,User6,Compress,24.0,Large,0.0,2,-4.0
74,User6,Squeeze,24.0,Small,1.0,3,4.0
75,User6,Compress,24.0,Small,0.0,2,-4.0
76,User6,Squeeze,1.0,Large,0.0,5,-4.0
77,User6,Compress,1.0,Large,0.0,5,-4.0
78,User6,Squeeze,1.0,Small,0.0,4,-4.0
79,User6,Compress,1.0,Small,0.0,5,-4.0
80,User6,Squeeze,6.0,Large,0.0,3,-4.0
81,User6,Compress,6.0,Large,0.0,3,-4.0
82,User6,Squeeze,6.0,Small,1.0,4,4.0
83,User6,Compress,6.0,Small,1.0,2,4.0
84,User6,Squeeze,70.0,Large,0.0,3,-4.0
85,User6,Compress,70.0,Large,0.0,3,-4.0
86,User6,Squeeze,70.0,Small,0.0,3,-4.0
87,User6,Compress,70.0,Small,1.0,4,4.0
88,User6,Squeeze,75.0,Large,0.0,3,-4.0
89,User6,Compress,75.0,Large,1.0,3,4.0
90,User6,Squeeze,75.0,Small,0.0,3,-4.0
91,User6,Compress,75.0,Small,0.0,3,-4.0
92,User6,Squeeze,25.0,Large,0.0,3,-4.0
93,User6,Compress,25.0,Large,1.0,2,4.0
94,User6,Squeeze,25.0,Small,1.0,3,4.0
95,User6,Compress,25.0,Small,0.0,3,-4.0
96,User6,Squeeze,30.0,Large,1.0,3,4.0
97,User6,Compress,30.0,Large,1.0,2,4.0
98,User6,Squeeze,30.0,Small,1.0,2,4.0
99,User6,Compress,30.0,Small,1.0,3,4.0
100,User6,Squeeze,35.0,Large,0.0,3,-4.0
101,User6,Compress,35.0,Large,0.0,2,-4.0
102,User6,Squeeze,35.0,Small,1.0,3,4.0
103,User6,Compress,35.0,Small,0.0,3,-4.0
104,User6,Squeeze,40.0,Large,1.0,3,4.0
105,User6,Compress,40.0,Large,1.0,4,4.0
106,User6,Squeeze,40.0,Small,1.0,2,4.0
107,User6,Compress,40.0,Small,0.0,3,-4.0
0,User5,Squeeze,45.0,Large,1.0,3,4.0
1,User5,Compress,45.0,Large,1.0,5,4.0
2,User5,Squeeze,45.0,Small,0.0,3,-4.0
3,User5,Compress,45.0,Small,1.0,4,4.0
4,User5,Squeeze,47.0,Large,0.0,4,-4.0
5,User5,Compress,47.0,Large,0.0,4,-4.0
6,User5,Squeeze,47.0,Small,1.0,4,4.0
7,User5,Compress,47.0,Small,0.0,2,-4.0
8,User5,Squeeze,49.0,Large,1.0,3,4.0
9,User5,Compress,49.0,Large,1.0,4,4.0
10,User5,Squeeze,49.0,Small,1.0,4,4.0
11,User5,Compress,49.0,Small,0.0,2,-4.0
12,User5,Squeeze,51.0,Large,1.0,4,4.0
13,User5,Compress,51.0,Large,1.0,4,4.0
14,User5,Squeeze,51.0,Small,1.0,4,4.0
15,User5,Compress,51.0,Small,1.0,5,4.0
16,User5,Squeeze,53.0,Large,1.0,4,4.0
17,User5,Compress,53.0,Large,1.0,5,4.0
18,User5,Squeeze,53.0,Small,1.0,5,4.0
19,User5,Compress,53.0,Small,1.0,4,4.0
20,User5,Squeeze,55.0,Large,1.0,4,4.0
21,User5,Compress,55.0,Large,1.0,5,4.0
22,User5,Squeeze,55.0,Small,0.0,3,-4.0
23,User5,Compress,55.0,Small,1.0,5,4.0
24,User5,Squeeze,57.0,Large,0.0,3,-4.0
25,User5,Compress,57.0,Large,1.0,4,4.0
26,User5,Squeeze,57.0,Small,1.0,4,4.0
27,User5,Compress,57.0,Small,1.0,5,4.0
28,User5,Squeeze,59.0,Large,1.0,4,4.0
29,User5,Compress,59.0,Large,1.0,5,4.0
30,User5,Squeeze,59.0,Small,1.0,4,4.0
31,User5,Compress,59.0,Small,1.0,3,4.0
32,User5,Squeeze,61.0,Large,1.0,4,4.0
33,User5,Compress,61.0,Large,1.0,4,4.0
34,User5,Squeeze,61.0,Small,1.0,5,4.0
35,User5,Compress,61.0,Small,1.0,4,4.0
36,User5,Squeeze,63.0,Large,1.0,4,4.0
37,User5,Compress,63.0,Large,1.0,4,4.0
38,User5,Squeeze,63.0,Small,1.0,4,4.0
39,User5,Compress,63.0,Small,0.0,2,-4.0
40,User5,Squeeze,65.0,Large,1.0,3,4.0
41,User5,Compress,65.0,Large,1.0,5,4.0
42,User5,Squeeze,65.0,Small,1.0,4,4.0
43,User5,Compress,65.0,Small,1.0,4,4.0
44,User5,Squeeze,10.0,Large,0.0,4,-4.0
45,User5,Compress,10.0,Large,0.0,5,-4.0
46,User5,Squeeze,10.0,Small,0.0,5,-4.0
47,User5,Compress,10.0,Small,0.0,5,-4.0
48,User5,Squeeze,12.0,Large,0.0,5,-4.0
49,User5,Compress,12.0,Large,0.0,5,-4.0
50,User5,Squeeze,12.0,Small,0.0,5,-4.0
51,User5,Compress,12.0,Small,0.0,5,-4.0
52,User5,Squeeze,14.0,Large,1.0,5,4.0
53,User5,Compress,14.0,Large,0.0,5,-4.0
54,User5,Squeeze,14.0,Small,0.0,5,-4.0
55,User5,Compress,14.0,Small,0.0,5,-4.0
56,User5,Squeeze,16.0,Large,0.0,4,-4.0
57,User5,Compress,16.0,Large,0.0,3,-4.0
58,User5,Squeeze,16.0,Small,0.0,5,-4.0
59,User5,Compress,16.0,Small,1.0,3,4.0
60,User5,Squeeze,18.0,Large,0.0,5,-4.0
61,User5,Compress,18.0,Large,1.0,3,4.0
62,User5,Squeeze,18.0,Small,0.0,5,-4.0
63,User5,Compress,18.0,Small,0.0,5,-4.0
64,User5,Squeeze,20.0,Large,0.0,4,-4.0
65,User5,Compress,20.0,Large,0.0,5,-4.0
66,User5,Squeeze,20.0,Small,0.0,4,-4.0
67,User5,Compress,20.0,Small,0.0,4,-4.0
68,User5,Squeeze,22.0,Large,0.0,5,-4.0
69,User5,Compress,22.0,Large,0.0,3,-4.0
70,User5,Squeeze,22.0,Small,0.0,5,-4.0
71,User5,Compress,22.0,Small,0.0,4,-4.0
72,User5,Squeeze,24.0,Large,0.0,3,-4.0
73,User5,Compress,24.0,Large,0.0,5,-4.0
74,User5,Squeeze,24.0,Small,0.0,5,-4.0
75,User5,Compress,24.0,Small,0.0,4,-4.0
76,User5,Squeeze,1.0,Large,0.0,5,-4.0
77,User5,Compress,1.0,Large,0.0,4,-4.0
78,User5,Squeeze,1.0,Small,0.0,5,-4.0
79,User5,Compress,1.0,Small,0.0,5,-4.0
80,User5,Squeeze,6.0,Large,0.0,5,-4.0
81,User5,Compress,6.0,Large,0.0,5,-4.0
82,User5,Squeeze,6.0,Small,0.0,5,-4.0
83,User5,Compress,6.0,Small,0.0,5,-4.0
84,User5,Squeeze,70.0,Large,0.0,3,-4.0
85,User5,Compress,70.0,Large,1.0,3,4.0
86,User5,Squeeze,70.0,Small,1.0,4,4.0
87,User5,Compress,70.0,Small,1.0,4,4.0
88,User5,Squeeze,75.0,Large,1.0,4,4.0
89,User5,Compress,75.0,Large,1.0,4,4.0
90,User5,Squeeze,75.0,Small,1.0,4,4.0
91,User5,Compress,75.0,Small,1.0,4,4.0
92,User5,Squeeze,25.0,Large,0.0,5,-4.0
93,User5,Compress,25.0,Large,0.0,4,-4.0
94,User5,Squeeze,25.0,Small,0.0,4,-4.0
95,User5,Compress,25.0,Small,0.0,5,-4.0
96,User5,Squeeze,30.0,Large,0.0,5,-4.0
97,User5,Compress,30.0,Large,0.0,4,-4.0
98,User5,Squeeze,30.0,Small,1.0,4,4.0
99,User5,Compress,30.0,Small,0.0,5,-4.0
100,User5,Squeeze,35.0,Large,0.0,3,-4.0
101,User5,Compress,35.0,Large,1.0,4,4.0
102,User5,Squeeze,35.0,Small,0.0,2,-4.0
103,User5,Compress,35.0,Small,1.0,4,4.0
104,User5,Squeeze,40.0,Large,0.0,3,-4.0
105,User5,Compress,40.0,Large,0.0,5,-4.0
106,User5,Squeeze,40.0,Small,0.0,3,-4.0
107,User5,Compress,40.0,Small,1.0,4,4.0
0,User4,Squeeze,45.0,Large,1.0,4,4.0
1,User4,Compress,45.0,Large,1.0,3,4.0
2,User4,Squeeze,45.0,Small,1.0,2,4.0
3,User4,Compress,45.0,Small,1.0,4,4.0
4,User4,Squeeze,47.0,Large,1.0,4,4.0
5,User4,Compress,47.0,Large,1.0,4,4.0
6,User4,Squeeze,47.0,Small,1.0,3,4.0
7,User4,Compress,47.0,Small,1.0,4,4.0
8,User4,Squeeze,49.0,Large,1.0,1,4.0
9,User4,Compress,49.0,Large,1.0,3,4.0
10,User4,Squeeze,49.0,Small,1.0,4,4.0
11,User4,Compress,49.0,Small,1.0,2,4.0
12,User4,Squeeze,51.0,Large,1.0,3,4.0
13,User4,Compress,51.0,Large,1.0,4,4.0
14,User4,Squeeze,51.0,Small,1.0,5,4.0
15,User4,Compress,51.0,Small,1.0,4,4.0
16,User4,Squeeze,53.0,Large,1.0,4,4.0
17,User4,Compress,53.0,Large,1.0,4,4.0
18,User4,Squeeze,53.0,Small,1.0,4,4.0
19,User4,Compress,53.0,Small,1.0,4,4.0
20,User4,Squeeze,55.0,Large,1.0,3,4.0
21,User4,Compress,55.0,Large,1.0,3,4.0
22,User4,Squeeze,55.0,Small,1.0,2,4.0
23,User4,Compress,55.0,Small,1.0,5,4.0
24,User4,Squeeze,57.0,Large,1.0,4,4.0
25,User4,Compress,57.0,Large,1.0,3,4.0
26,User4,Squeeze,57.0,Small,1.0,3,4.0
27,User4,Compress,57.0,Small,1.0,4,4.0
28,User4,Squeeze,59.0,Large,1.0,4,4.0
29,User4,Compress,59.0,Large,1.0,4,4.0
30,User4,Squeeze,59.0,Small,1.0,4,4.0
31,User4,Compress,59.0,Small,1.0,4,4.0
32,User4,Squeeze,61.0,Large,1.0,3,4.0
33,User4,Compress,61.0,Large,1.0,4,4.0
34,User4,Squeeze,61.0,Small,1.0,4,4.0
35,User4,Compress,61.0,Small,1.0,4,4.0
36,User4,Squeeze,63.0,Large,1.0,3,4.0
37,User4,Compress,63.0,Large,1.0,3,4.0
38,User4,Squeeze,63.0,Small,1.0,4,4.0
39,User4,Compress,63.0,Small,1.0,4,4.0
40,User4,Squeeze,65.0,Large,1.0,4,4.0
41,User4,Compress,65.0,Large,1.0,4,4.0
42,User4,Squeeze,65.0,Small,1.0,4,4.0
43,User4,Compress,65.0,Small,1.0,2,4.0
44,User4,Squeeze,10.0,Large,0.0,3,-4.0
45,User4,Compress,10.0,Large,0.0,2,-4.0
46,User4,Squeeze,10.0,Small,1.0,5,4.0
47,User4,Compress,10.0,Small,0.0,3,-4.0
48,User4,Squeeze,12.0,Large,0.0,1,-4.0
49,User4,Compress,12.0,Large,0.0,1,-4.0
50,User4,Squeeze,12.0,Small,0.0,2,-4.0
51,User4,Compress,12.0,Small,0.0,1,-4.0
52,User4,Squeeze,14.0,Large,0.0,1,-4.0
53,User4,Compress,14.0,Large,0.0,3,-4.0
54,User4,Squeeze,14.0,Small,0.0,1,-4.0
55,User4,Compress,14.0,Small,0.0,2,-4.0
56,User4,Squeeze,16.0,Large,1.0,3,4.0
57,User4,Compress,16.0,Large,0.0,3,-4.0
58,User4,Squeeze,16.0,Small,1.0,2,4.0
59,User4,Compress,16.0,Small,0.0,3,-4.0
60,User4,Squeeze,18.0,Large,0.0,4,-4.0
61,User4,Compress,18.0,Large,0.0,1,-4.0
62,User4,Squeeze,18.0,Small,0.0,2,-4.0
63,User4,Compress,18.0,Small,0.0,3,-4.0
64,User4,Squeeze,20.0,Large,0.0,2,-4.0
65,User4,Compress,20.0,Large,1.0,3,4.0
66,User4,Squeeze,20.0,Small,0.0,3,-4.0
67,User4,Compress,20.0,Small,0.0,1,-4.0
68,User4,Squeeze,22.0,Large,0.0,2,-4.0
69,User4,Compress,22.0,Large,1.0,2,4.0
70,User4,Squeeze,22.0,Small,0.0,1,-4.0
71,User4,Compress,22.0,Small,0.0,1,-4.0
72,User4,Squeeze,24.0,Large,1.0,1,4.0
73,User4,Compress,24.0,Large,1.0,3,4.0
74,User4,Squeeze,24.0,Small,0.0,3,-4.0
75,User4,Compress,24.0,Small,1.0,2,4.0
76,User4,Squeeze,1.0,Large,0.0,5,-4.0
77,User4,Compress,1.0,Large,0.0,5,-4.0
78,User4,Squeeze,1.0,Small,0.0,5,-4.0
79,User4,Compress,1.0,Small,0.0,5,-4.0
80,User4,Squeeze,6.0,Large,0.0,5,-4.0
81,User4,Compress,6.0,Large,0.0,4,-4.0
82,User4,Squeeze,6.0,Small,0.0,4,-4.0
83,User4,Compress,6.0,Small,0.0,4,-4.0
84,User4,Squeeze,70.0,Large,1.0,4,4.0
85,User4,Compress,70.0,Large,1.0,4,4.0
86,User4,Squeeze,70.0,Small,1.0,4,4.0
87,User4,Compress,70.0,Small,1.0,4,4.0
88,User4,Squeeze,75.0,Large,1.0,4,4.0
89,User4,Compress,75.0,Large,1.0,5,4.0
90,User4,Squeeze,75.0,Small,1.0,4,4.0
91,User4,Compress,75.0,Small,1.0,4,4.0
92,User4,Squeeze,25.0,Large,1.0,3,4.0
93,User4,Compress,25.0,Large,1.0,3,4.0
94,User4,Squeeze,25.0,Small,1.0,2,4.0
95,User4,Compress,25.0,Small,1.0,4,4.0
96,User4,Squeeze,30.0,Large,1.0,1,4.0
97,User4,Compress,30.0,Large,1.0,3,4.0
98,User4,Squeeze,30.0,Small,0.0,2,-4.0
99,User4,Compress,30.0,Small,1.0,3,4.0
100,User4,Squeeze,35.0,Large,1.0,3,4.0
101,User4,Compress,35.0,Large,1.0,3,4.0
102,User4,Squeeze,35.0,Small,1.0,3,4.0
103,User4,Compress,35.0,Small,1.0,2,4.0
104,User4,Squeeze,40.0,Large,0.0,2,-4.0
105,User4,Compress,40.0,Large,1.0,3,4.0
106,User4,Squeeze,40.0,Small,1.0,3,4.0
107,User4,Compress,40.0,Small,1.0,3,4.0
0,User3,Squeeze,45.0,Large,1.0,4,4.0
1,User3,Compress,45.0,Large,1.0,2,4.0
2,User3,Squeeze,45.0,Small,1.0,3,4.0
3,User3,Compress,45.0,Small,1.0,4,4.0
4,User3,Squeeze,47.0,Large,1.0,4,4.0
5,User3,Compress,47.0,Large,1.0,2,4.0
6,User3,Squeeze,47.0,Small,0.0,4,-4.0
7,User3,Compress,47.0,Small,1.0,4,4.0
8,User3,Squeeze,49.0,Large,1.0,3,4.0
9,User3,Compress,49.0,Large,1.0,4,4.0
10,User3,Squeeze,49.0,Small,0.0,3,-4.0
11,User3,Compress,49.0,Small,1.0,3,4.0
12,User3,Squeeze,51.0,Large,1.0,3,4.0
13,User3,Compress,51.0,Large,0.0,3,-4.0
14,User3,Squeeze,51.0,Small,1.0,2,4.0
15,User3,Compress,51.0,Small,1.0,4,4.0
16,User3,Squeeze,53.0,Large,1.0,4,4.0
17,User3,Compress,53.0,Large,1.0,5,4.0
18,User3,Squeeze,53.0,Small,0.0,3,-4.0
19,User3,Compress,53.0,Small,0.0,3,-4.0
20,User3,Squeeze,55.0,Large,1.0,5,4.0
21,User3,Compress,55.0,Large,1.0,4,4.0
22,User3,Squeeze,55.0,Small,1.0,2,4.0
23,User3,Compress,55.0,Small,1.0,4,4.0
24,User3,Squeeze,57.0,Large,1.0,3,4.0
25,User3,Compress,57.0,Large,1.0,3,4.0
26,User3,Squeeze,57.0,Small,1.0,5,4.0
27,User3,Compress,57.0,Small,1.0,4,4.0
28,User3,Squeeze,59.0,Large,1.0,3,4.0
29,User3,Compress,59.0,Large,1.0,5,4.0
30,User3,Squeeze,59.0,Small,1.0,3,4.0
31,User3,Compress,59.0,Small,1.0,3,4.0
32,User3,Squeeze,61.0,Large,1.0,2,4.0
33,User3,Compress,61.0,Large,1.0,4,4.0
34,User3,Squeeze,61.0,Small,0.0,3,-4.0
35,User3,Compress,61.0,Small,1.0,4,4.0
36,User3,Squeeze,63.0,Large,1.0,3,4.0
37,User3,Compress,63.0,Large,1.0,3,4.0
38,User3,Squeeze,63.0,Small,1.0,2,4.0
39,User3,Compress,63.0,Small,1.0,4,4.0
40,User3,Squeeze,65.0,Large,1.0,3,4.0
41,User3,Compress,65.0,Large,1.0,4,4.0
42,User3,Squeeze,65.0,Small,1.0,4,4.0
43,User3,Compress,65.0,Small,1.0,4,4.0
44,User3,Squeeze,10.0,Large,1.0,3,4.0
45,User3,Compress,10.0,Large,1.0,3,4.0
46,User3,Squeeze,10.0,Small,1.0,3,4.0
47,User3,Compress,10.0,Small,1.0,4,4.0
48,User3,Squeeze,12.0,Large,1.0,4,4.0
49,User3,Compress,12.0,Large,1.0,5,4.0
50,User3,Squeeze,12.0,Small,1.0,5,4.0
51,User3,Compress,12.0,Small,1.0,3,4.0
52,User3,Squeeze,14.0,Large,1.0,4,4.0
53,User3,Compress,14.0,Large,1.0,4,4.0
54,User3,Squeeze,14.0,Small,1.0,4,4.0
55,User3,Compress,14.0,Small,1.0,4,4.0
56,User3,Squeeze,16.0,Large,1.0,3,4.0
57,User3,Compress,16.0,Large,1.0,4,4.0
58,User3,Squeeze,16.0,Small,1.0,4,4.0
59,User3,Compress,16.0,Small,1.0,3,4.0
60,User3,Squeeze,18.0,Large,1.0,4,4.0
61,User3,Compress,18.0,Large,1.0,4,4.0
62,User3,Squeeze,18.0,Small,0.0,3,-4.0
63,User3,Compress,18.0,Small,1.0,5,4.0
64,User3,Squeeze,20.0,Large,1.0,3,4.0
65,User3,Compress,20.0,Large,1.0,4,4.0
66,User3,Squeeze,20.0,Small,1.0,3,4.0
67,User3,Compress,20.0,Small,1.0,4,4.0
68,User3,Squeeze,22.0,Large,1.0,3,4.0
69,User3,Compress,22.0,Large,1.0,4,4.0
70,User3,Squeeze,22.0,Small,1.0,4,4.0
71,User3,Compress,22.0,Small,1.0,4,4.0
72,User3,Squeeze,24.0,Large,1.0,4,4.0
73,User3,Compress,24.0,Large,1.0,3,4.0
74,User3,Squeeze,24.0,Small,1.0,5,4.0
75,User3,Compress,24.0,Small,1.0,4,4.0
76,User3,Squeeze,1.0,Large,0.0,3,-4.0
77,User3,Compress,1.0,Large,1.0,4,4.0
78,User3,Squeeze,1.0,Small,0.0,5,-4.0
79,User3,Compress,1.0,Small,0.0,4,-4.0
80,User3,Squeeze,6.0,Large,0.0,4,-4.0
81,User3,Compress,6.0,Large,1.0,4,4.0
82,User3,Squeeze,6.0,Small,0.0,3,-4.0
83,User3,Compress,6.0,Small,1.0,4,4.0
84,User3,Squeeze,70.0,Large,1.0,4,4.0
85,User3,Compress,70.0,Large,0.0,3,-4.0
86,User3,Squeeze,70.0,Small,0.0,3,-4.0
87,User3,Compress,70.0,Small,1.0,4,4.0
88,User3,Squeeze,75.0,Large,1.0,3,4.0
89,User3,Compress,75.0,Large,1.0,3,4.0
90,User3,Squeeze,75.0,Small,1.0,3,4.0
91,User3,Compress,75.0,Small,1.0,4,4.0
92,User3,Squeeze,25.0,Large,1.0,4,4.0
93,User3,Compress,25.0,Large,1.0,3,4.0
94,User3,Squeeze,25.0,Small,1.0,2,4.0
95,User3,Compress,25.0,Small,1.0,4,4.0
96,User3,Squeeze,30.0,Large,1.0,3,4.0
97,User3,Compress,30.0,Large,1.0,5,4.0
98,User3,Squeeze,30.0,Small,1.0,4,4.0
99,User3,Compress,30.0,Small,1.0,4,4.0
100,User3,Squeeze,35.0,Large,1.0,3,4.0
101,User3,Compress,35.0,Large,1.0,3,4.0
102,User3,Squeeze,35.0,Small,1.0,3,4.0
103,User3,Compress,35.0,Small,1.0,5,4.0
104,User3,Squeeze,40.0,Large,1.0,3,4.0
105,User3,Compress,40.0,Large,1.0,3,4.0
106,User3,Squeeze,40.0,Small,1.0,4,4.0
107,User3,Compress,40.0,Small,1.0,4,4.0
0,User2,Squeeze,45.0,Large,1.0,3,4.0
1,User2,Compress,45.0,Large,1.0,3,4.0
2,User2,Squeeze,45.0,Small,1.0,4,4.0
3,User2,Compress,45.0,Small,1.0,4,4.0
4,User2,Squeeze,47.0,Large,1.0,3,4.0
5,User2,Compress,47.0,Large,1.0,3,4.0
6,User2,Squeeze,47.0,Small,1.0,3,4.0
7,User2,Compress,47.0,Small,1.0,3,4.0
8,User2,Squeeze,49.0,Large,0.0,2,-4.0
9,User2,Compress,49.0,Large,1.0,4,4.0
10,User2,Squeeze,49.0,Small,1.0,4,4.0
11,User2,Compress,49.0,Small,1.0,3,4.0
12,User2,Squeeze,51.0,Large,0.0,4,-4.0
13,User2,Compress,51.0,Large,1.0,3,4.0
14,User2,Squeeze,51.0,Small,1.0,4,4.0
15,User2,Compress,51.0,Small,1.0,2,4.0
16,User2,Squeeze,53.0,Large,1.0,4,4.0
17,User2,Compress,53.0,Large,1.0,3,4.0
18,User2,Squeeze,53.0,Small,1.0,3,4.0
19,User2,Compress,53.0,Small,1.0,3,4.0
20,User2,Squeeze,55.0,Large,1.0,3,4.0
21,User2,Compress,55.0,Large,1.0,5,4.0
22,User2,Squeeze,55.0,Small,1.0,3,4.0
23,User2,Compress,55.0,Small,1.0,4,4.0
24,User2,Squeeze,57.0,Large,1.0,4,4.0
25,User2,Compress,57.0,Large,1.0,3,4.0
26,User2,Squeeze,57.0,Small,1.0,4,4.0
27,User2,Compress,57.0,Small,1.0,3,4.0
28,User2,Squeeze,59.0,Large,1.0,4,4.0
29,User2,Compress,59.0,Large,1.0,3,4.0
30,User2,Squeeze,59.0,Small,1.0,3,4.0
31,User2,Compress,59.0,Small,1.0,4,4.0
32,User2,Squeeze,61.0,Large,1.0,4,4.0
33,User2,Compress,61.0,Large,1.0,4,4.0
34,User2,Squeeze,61.0,Small,1.0,4,4.0
35,User2,Compress,61.0,Small,1.0,4,4.0
36,User2,Squeeze,63.0,Large,1.0,4,4.0
37,User2,Compress,63.0,Large,1.0,4,4.0
38,User2,Squeeze,63.0,Small,1.0,4,4.0
39,User2,Compress,63.0,Small,1.0,3,4.0
40,User2,Squeeze,65.0,Large,1.0,5,4.0
41,User2,Compress,65.0,Large,1.0,3,4.0
42,User2,Squeeze,65.0,Small,1.0,4,4.0
43,User2,Compress,65.0,Small,1.0,5,4.0
44,User2,Squeeze,10.0,Large,0.0,5,-4.0
45,User2,Compress,10.0,Large,0.0,3,-4.0
46,User2,Squeeze,10.0,Small,0.0,3,-4.0
47,User2,Compress,10.0,Small,1.0,4,4.0
48,User2,Squeeze,12.0,Large,0.0,5,-4.0
49,User2,Compress,12.0,Large,0.0,3,-4.0
50,User2,Squeeze,12.0,Small,0.0,4,-4.0
51,User2,Compress,12.0,Small,0.0,2,-4.0
52,User2,Squeeze,14.0,Large,0.0,3,-4.0
53,User2,Compress,14.0,Large,1.0,2,4.0
54,User2,Squeeze,14.0,Small,0.0,2,-4.0
55,User2,Compress,14.0,Small,1.0,2,4.0
56,User2,Squeeze,16.0,Large,0.0,3,-4.0
57,User2,Compress,16.0,Large,0.0,4,-4.0
58,User2,Squeeze,16.0,Small,1.0,2,4.0
59,User2,Compress,16.0,Small,1.0,4,4.0
60,User2,Squeeze,18.0,Large,0.0,4,-4.0
61,User2,Compress,18.0,Large,0.0,3,-4.0
62,User2,Squeeze,18.0,Small,0.0,4,-4.0
63,User2,Compress,18.0,Small,1.0,3,4.0
64,User2,Squeeze,20.0,Large,1.0,4,4.0
65,User2,Compress,20.0,Large,1.0,2,4.0
66,User2,Squeeze,20.0,Small,0.0,3,-4.0
67,User2,Compress,20.0,Small,1.0,4,4.0
68,User2,Squeeze,22.0,Large,0.0,3,-4.0
69,User2,Compress,22.0,Large,1.0,3,4.0
70,User2,Squeeze,22.0,Small,0.0,2,-4.0
71,User2,Compress,22.0,Small,1.0,4,4.0
72,User2,Squeeze,24.0,Large,0.0,4,-4.0
73,User2,Compress,24.0,Large,0.0,4,-4.0
74,User2,Squeeze,24.0,Small,1.0,3,4.0
75,User2,Compress,24.0,Small,1.0,4,4.0
76,User2,Squeeze,1.0,Large,0.0,5,-4.0
77,User2,Compress,1.0,Large,0.0,5,-4.0
78,User2,Squeeze,1.0,Small,0.0,5,-4.0
79,User2,Compress,1.0,Small,0.0,5,-4.0
80,User2,Squeeze,6.0,Large,0.0,4,-4.0
81,User2,Compress,6.0,Large,1.0,4,4.0
82,User2,Squeeze,6.0,Small,0.0,5,-4.0
83,User2,Compress,6.0,Small,0.0,4,-4.0
84,User2,Squeeze,70.0,Large,1.0,4,4.0
85,User2,Compress,70.0,Large,1.0,4,4.0
86,User2,Squeeze,70.0,Small,0.0,2,-4.0
87,User2,Compress,70.0,Small,1.0,4,4.0
88,User2,Squeeze,75.0,Large,1.0,5,4.0
89,User2,Compress,75.0,Large,1.0,3,4.0
90,User2,Squeeze,75.0,Small,1.0,4,4.0
91,User2,Compress,75.0,Small,1.0,4,4.0
92,User2,Squeeze,25.0,Large,1.0,3,4.0
93,User2,Compress,25.0,Large,0.0,4,-4.0
94,User2,Squeeze,25.0,Small,1.0,5,4.0
95,User2,Compress,25.0,Small,1.0,4,4.0
96,User2,Squeeze,30.0,Large,0.0,2,-4.0
97,User2,Compress,30.0,Large,1.0,4,4.0
98,User2,Squeeze,30.0,Small,1.0,4,4.0
99,User2,Compress,30.0,Small,1.0,5,4.0
100,User2,Squeeze,35.0,Large,0.0,3,-4.0
101,User2,Compress,35.0,Large,1.0,4,4.0
102,User2,Squeeze,35.0,Small,0.0,3,-4.0
103,User2,Compress,35.0,Small,1.0,3,4.0
104,User2,Squeeze,40.0,Large,0.0,5,-4.0
105,User2,Compress,40.0,Large,1.0,3,4.0
106,User2,Squeeze,40.0,Small,0.0,3,-4.0
107,User2,Compress,40.0,Small,1.0,3,4.0
0,User1,Squeeze,45.0,Large,1.0,4,4.0
1,User1,Compress,45.0,Large,1.0,4,4.0
2,User1,Squeeze,45.0,Small,1.0,3,4.0
3,User1,Compress,45.0,Small,1.0,4,4.0
4,User1,Squeeze,47.0,Large,0.0,2,-4.0
5,User1,Compress,47.0,Large,0.0,2,-4.0
6,User1,Squeeze,47.0,Small,1.0,5,4.0
7,User1,Compress,47.0,Small,1.0,4,4.0
8,User1,Squeeze,49.0,Large,1.0,5,4.0
9,User1,Compress,49.0,Large,1.0,4,4.0
10,User1,Squeeze,49.0,Small,1.0,5,4.0
11,User1,Compress,49.0,Small,1.0,4,4.0
12,User1,Squeeze,51.0,Large,1.0,3,4.0
13,User1,Compress,51.0,Large,1.0,3,4.0
14,User1,Squeeze,51.0,Small,1.0,3,4.0
15,User1,Compress,51.0,Small,1.0,5,4.0
16,User1,Squeeze,53.0,Large,1.0,4,4.0
17,User1,Compress,53.0,Large,1.0,4,4.0
18,User1,Squeeze,53.0,Small,1.0,5,4.0
19,User1,Compress,53.0,Small,1.0,4,4.0
20,User1,Squeeze,55.0,Large,1.0,3,4.0
21,User1,Compress,55.0,Large,1.0,5,4.0
22,User1,Squeeze,55.0,Small,1.0,5,4.0
23,User1,Compress,55.0,Small,1.0,5,4.0
24,User1,Squeeze,57.0,Large,1.0,4,4.0
25,User1,Compress,57.0,Large,1.0,4,4.0
26,User1,Squeeze,57.0,Small,1.0,5,4.0
27,User1,Compress,57.0,Small,1.0,4,4.0
28,User1,Squeeze,59.0,Large,1.0,5,4.0
29,User1,Compress,59.0,Large,1.0,5,4.0
30,User1,Squeeze,59.0,Small,1.0,4,4.0
31,User1,Compress,59.0,Small,1.0,4,4.0
32,User1,Squeeze,61.0,Large,1.0,4,4.0
33,User1,Compress,61.0,Large,1.0,4,4.0
34,User1,Squeeze,61.0,Small,1.0,5,4.0
35,User1,Compress,61.0,Small,1.0,5,4.0
36,User1,Squeeze,63.0,Large,1.0,5,4.0
37,User1,Compress,63.0,Large,1.0,5,4.0
38,User1,Squeeze,63.0,Small,1.0,5,4.0
39,User1,Compress,63.0,Small,1.0,4,4.0
40,User1,Squeeze,65.0,Large,1.0,5,4.0
41,User1,Compress,65.0,Large,1.0,4,4.0
42,User1,Squeeze,65.0,Small,1.0,5,4.0
43,User1,Compress,65.0,Small,1.0,4,4.0
44,User1,Squeeze,10.0,Large,0.0,5,-4.0
45,User1,Compress,10.0,Large,0.0,4,-4.0
46,User1,Squeeze,10.0,Small,0.0,3,-4.0
47,User1,Compress,10.0,Small,0.0,4,-4.0
48,User1,Squeeze,12.0,Large,0.0,2,-4.0
49,User1,Compress,12.0,Large,0.0,4,-4.0
50,User1,Squeeze,12.0,Small,0.0,4,-4.0
51,User1,Compress,12.0,Small,0.0,4,-4.0
52,User1,Squeeze,14.0,Large,0.0,4,-4.0
53,User1,Compress,14.0,Large,0.0,4,-4.0
54,User1,Squeeze,14.0,Small,0.0,3,-4.0
55,User1,Compress,14.0,Small,1.0,2,4.0
56,User1,Squeeze,16.0,Large,0.0,3,-4.0
57,User1,Compress,16.0,Large,0.0,3,-4.0
58,User1,Squeeze,16.0,Small,0.0,2,-4.0
59,User1,Compress,16.0,Small,1.0,3,4.0
60,User1,Squeeze,18.0,Large,1.0,4,4.0
61,User1,Compress,18.0,Large,0.0,2,-4.0
62,User1,Squeeze,18.0,Small,0.0,3,-4.0
63,User1,Compress,18.0,Small,0.0,1,-4.0
64,User1,Squeeze,20.0,Large,1.0,3,4.0
65,User1,Compress,20.0,Large,1.0,3,4.0
66,User1,Squeeze,20.0,Small,0.0,2,-4.0
67,User1,Compress,20.0,Small,0.0,3,-4.0
68,User1,Squeeze,22.0,Large,1.0,3,4.0
69,User1,Compress,22.0,Large,0.0,2,-4.0
70,User1,Squeeze,22.0,Small,1.0,2,4.0
71,User1,Compress,22.0,Small,0.0,2,-4.0
72,User1,Squeeze,24.0,Large,0.0,2,-4.0
73,User1,Compress,24.0,Large,1.0,4,4.0
74,User1,Squeeze,24.0,Small,0.0,2,-4.0
75,User1,Compress,24.0,Small,1.0,4,4.0
76,User1,Squeeze,1.0,Large,0.0,5,-4.0
77,User1,Compress,1.0,Large,0.0,5,-4.0
78,User1,Squeeze,1.0,Small,0.0,5,-4.0
79,User1,Compress,1.0,Small,0.0,5,-4.0
80,User1,Squeeze,6.0,Large,0.0,5,-4.0
81,User1,Compress,6.0,Large,0.0,5,-4.0
82,User1,Squeeze,6.0,Small,0.0,5,-4.0
83,User1,Compress,6.0,Small,1.0,3,4.0
84,User1,Squeeze,70.0,Large,1.0,4,4.0
85,User1,Compress,70.0,Large,1.0,5,4.0
86,User1,Squeeze,70.0,Small,1.0,5,4.0
87,User1,Compress,70.0,Small,1.0,5,4.0
88,User1,Squeeze,75.0,Large,1.0,5,4.0
89,User1,Compress,75.0,Large,1.0,4,4.0
90,User1,Squeeze,75.0,Small,1.0,5,4.0
91,User1,Compress,75.0,Small,1.0,5,4.0
92,User1,Squeeze,25.0,Large,1.0,4,4.0
93,User1,Compress,25.0,Large,1.0,4,4.0
94,User1,Squeeze,25.0,Small,1.0,4,4.0
95,User1,Compress,25.0,Small,1.0,3,4.0
96,User1,Squeeze,30.0,Large,1.0,3,4.0
97,User1,Compress,30.0,Large,1.0,3,4.0
98,User1,Squeeze,30.0,Small,1.0,1,4.0
99,User1,Compress,30.0,Small,1.0,5,4.0
100,User1,Squeeze,35.0,Large,1.0,4,4.0
101,User1,Compress,35.0,Large,1.0,5,4.0
102,User1,Squeeze,35.0,Small,1.0,3,4.0
103,User1,Compress,35.0,Small,0.0,3,-4.0
104,User1,Squeeze,40.0,Large,1.0,4,4.0
105,User1,Compress,40.0,Large,1.0,4,4.0
106,User1,Squeeze,40.0,Small,1.0,3,4.0
107,User1,Compress,40.0,Small,1.0,4,4.0
